INFO:     Started server process [19224]
INFO:     Waiting for application startup.
2026-04-27 11:24:41  INFO      app.main  Service 3 – Alertes de Prix démarré
2026-04-27 11:24:41  INFO      app.database  [DB] Table 'alerts' vérifiée/créée
2026-04-27 11:24:41  INFO      app.database  [DB] Connexion OK — 57667 produits trouvés dans la DB partagée
2026-04-27 11:24:41  INFO      apscheduler.scheduler  Adding job tentatively -- it will be properly scheduled when the scheduler starts
2026-04-27 11:24:41  INFO      apscheduler.scheduler  Added job "_start_scheduler.<locals>.job_verifier" to job store "default"
2026-04-27 11:24:41  INFO      apscheduler.scheduler  Scheduler started
2026-04-27 11:24:41  INFO      app.main  [scheduler] Vérification alertes planifiée à 03:30
INFO:     Application startup complete.
INFO:     Uvicorn running on http://0.0.0.0:8003 (Press CTRL+C to quit)
INFO:     127.0.0.1:62276 - "GET /alerts HTTP/1.1" 200 OK
INFO:     127.0.0.1:49485 - "OPTIONS /alerts HTTP/1.1" 200 OK
2026-04-27 12:06:08  INFO      app.crud  [alerts] Alerte créée id=7 user=undefined product=7196 cible=6005.0
INFO:     127.0.0.1:49485 - "POST /alerts HTTP/1.1" 500 Internal Server Error
ERROR:    Exception in ASGI application
Traceback (most recent call last):
  File "c:\Users\Thinkbook\Desktop\comparateur_prix\Authentificationgmail\.venv\Lib\site-packages\uvicorn\protocols\http\httptools_impl.py", line 409, in run_asgi
    result = await app(  # type: ignore[func-returns-value]
             ^^^^^^^^^^^^^^^^^^^^^^^^^^^^^^^^^^^^^^^^^^^^^^
  File "c:\Users\Thinkbook\Desktop\comparateur_prix\Authentificationgmail\.venv\Lib\site-packages\uvicorn\middleware\proxy_headers.py", line 60, in __call__
    return await self.app(scope, receive, send)
           ^^^^^^^^^^^^^^^^^^^^^^^^^^^^^^^^^^^^
  File "c:\Users\Thinkbook\Desktop\comparateur_prix\Authentificationgmail\.venv\Lib\site-packages\fastapi\applications.py", line 1134, in __call__
    await super().__call__(scope, receive, send)
  File "c:\Users\Thinkbook\Desktop\comparateur_prix\Authentificationgmail\.venv\Lib\site-packages\starlette\applications.py", line 107, in __call__
    await self.middleware_stack(scope, receive, send)
  File "c:\Users\Thinkbook\Desktop\comparateur_prix\Authentificationgmail\.venv\Lib\site-packages\starlette\middleware\errors.py", line 186, in __call__
    raise exc
  File "c:\Users\Thinkbook\Desktop\comparateur_prix\Authentificationgmail\.venv\Lib\site-packages\starlette\middleware\errors.py", line 164, in __call__
    await self.app(scope, receive, _send)
  File "c:\Users\Thinkbook\Desktop\comparateur_prix\Authentificationgmail\.venv\Lib\site-packages\starlette\middleware\cors.py", line 93, in __call__
    await self.simple_response(scope, receive, send, request_headers=headers)
  File "c:\Users\Thinkbook\Desktop\comparateur_prix\Authentificationgmail\.venv\Lib\site-packages\starlette\middleware\cors.py", line 144, in simple_response
    await self.app(scope, receive, send)
  File "c:\Users\Thinkbook\Desktop\comparateur_prix\Authentificationgmail\.venv\Lib\site-packages\starlette\middleware\exceptions.py", line 63, in __call__
    await wrap_app_handling_exceptions(self.app, conn)(scope, receive, send)
  File "c:\Users\Thinkbook\Desktop\comparateur_prix\Authentificationgmail\.venv\Lib\site-packages\starlette\_exception_handler.py", line 53, in wrapped_app
    raise exc
  File "c:\Users\Thinkbook\Desktop\comparateur_prix\Authentificationgmail\.venv\Lib\site-packages\starlette\_exception_handler.py", line 42, in wrapped_app
    await app(scope, receive, sender)
  File "c:\Users\Thinkbook\Desktop\comparateur_prix\Authentificationgmail\.venv\Lib\site-packages\fastapi\middleware\asyncexitstack.py", line 18, in __call__
    await self.app(scope, receive, send)
  File "c:\Users\Thinkbook\Desktop\comparateur_prix\Authentificationgmail\.venv\Lib\site-packages\starlette\routing.py", line 716, in __call__
    await self.middleware_stack(scope, receive, send)
  File "c:\Users\Thinkbook\Desktop\comparateur_prix\Authentificationgmail\.venv\Lib\site-packages\starlette\routing.py", line 736, in app
    await route.handle(scope, receive, send)
  File "c:\Users\Thinkbook\Desktop\comparateur_prix\Authentificationgmail\.venv\Lib\site-packages\starlette\routing.py", line 290, in handle
    await self.app(scope, receive, send)
  File "c:\Users\Thinkbook\Desktop\comparateur_prix\Authentificationgmail\.venv\Lib\site-packages\fastapi\routing.py", line 125, in app
    await wrap_app_handling_exceptions(app, request)(scope, receive, send)
  File "c:\Users\Thinkbook\Desktop\comparateur_prix\Authentificationgmail\.venv\Lib\site-packages\starlette\_exception_handler.py", line 53, in wrapped_app
    raise exc
  File "c:\Users\Thinkbook\Desktop\comparateur_prix\Authentificationgmail\.venv\Lib\site-packages\starlette\_exception_handler.py", line 42, in wrapped_app
    await app(scope, receive, sender)
  File "c:\Users\Thinkbook\Desktop\comparateur_prix\Authentificationgmail\.venv\Lib\site-packages\fastapi\routing.py", line 111, in app
    response = await f(request)
               ^^^^^^^^^^^^^^^^
  File "c:\Users\Thinkbook\Desktop\comparateur_prix\Authentificationgmail\.venv\Lib\site-packages\fastapi\routing.py", line 391, in app
    raw_response = await run_endpoint_function(
                   ^^^^^^^^^^^^^^^^^^^^^^^^^^^^
  File "c:\Users\Thinkbook\Desktop\comparateur_prix\Authentificationgmail\.venv\Lib\site-packages\fastapi\routing.py", line 292, in run_endpoint_function
    return await run_in_threadpool(dependant.call, **values)
           ^^^^^^^^^^^^^^^^^^^^^^^^^^^^^^^^^^^^^^^^^^^^^^^^^
  File "c:\Users\Thinkbook\Desktop\comparateur_prix\Authentificationgmail\.venv\Lib\site-packages\starlette\concurrency.py", line 32, in run_in_threadpool
    return await anyio.to_thread.run_sync(func)
           ^^^^^^^^^^^^^^^^^^^^^^^^^^^^^^^^^^^^
  File "c:\Users\Thinkbook\Desktop\comparateur_prix\Authentificationgmail\.venv\Lib\site-packages\anyio\to_thread.py", line 56, in run_sync
    return await get_async_backend().run_sync_in_worker_thread(
           ^^^^^^^^^^^^^^^^^^^^^^^^^^^^^^^^^^^^^^^^^^^^^^^^^^^^
  File "c:\Users\Thinkbook\Desktop\comparateur_prix\Authentificationgmail\.venv\Lib\site-packages\anyio\_backends\_asyncio.py", line 2485, in run_sync_in_worker_thread
    return await future
           ^^^^^^^^^^^^
  File "c:\Users\Thinkbook\Desktop\comparateur_prix\Authentificationgmail\.venv\Lib\site-packages\anyio\_backends\_asyncio.py", line 976, in run
    result = context.run(func, *args)
             ^^^^^^^^^^^^^^^^^^^^^^^^
  File "c:\Users\Thinkbook\Desktop\comparateur_prix\Authentificationgmail\backend\microservices\service3-alerts\app\main.py", line 174, in creer_alerte
    prix_actuel = None
       ^^^^^^^
UnboundLocalError: cannot access local variable 'produit' where it is not associated with a value
INFO:     127.0.0.1:60905 - "GET /alerts HTTP/1.1" 200 OK
2026-04-27 12:07:27  INFO      app.crud  [alerts] Alerte créée id=8 user=undefined product=7196 cible=6000.0
INFO:     127.0.0.1:59333 - "POST /alerts HTTP/1.1" 500 Internal Server Error
ERROR:    Exception in ASGI application
Traceback (most recent call last):
  File "c:\Users\Thinkbook\Desktop\comparateur_prix\Authentificationgmail\.venv\Lib\site-packages\uvicorn\protocols\http\httptools_impl.py", line 409, in run_asgi
    result = await app(  # type: ignore[func-returns-value]
             ^^^^^^^^^^^^^^^^^^^^^^^^^^^^^^^^^^^^^^^^^^^^^^
  File "c:\Users\Thinkbook\Desktop\comparateur_prix\Authentificationgmail\.venv\Lib\site-packages\uvicorn\middleware\proxy_headers.py", line 60, in __call__
    return await self.app(scope, receive, send)
           ^^^^^^^^^^^^^^^^^^^^^^^^^^^^^^^^^^^^
  File "c:\Users\Thinkbook\Desktop\comparateur_prix\Authentificationgmail\.venv\Lib\site-packages\fastapi\applications.py", line 1134, in __call__
    await super().__call__(scope, receive, send)
  File "c:\Users\Thinkbook\Desktop\comparateur_prix\Authentificationgmail\.venv\Lib\site-packages\starlette\applications.py", line 107, in __call__
    await self.middleware_stack(scope, receive, send)
  File "c:\Users\Thinkbook\Desktop\comparateur_prix\Authentificationgmail\.venv\Lib\site-packages\starlette\middleware\errors.py", line 186, in __call__
    raise exc
  File "c:\Users\Thinkbook\Desktop\comparateur_prix\Authentificationgmail\.venv\Lib\site-packages\starlette\middleware\errors.py", line 164, in __call__
    await self.app(scope, receive, _send)
  File "c:\Users\Thinkbook\Desktop\comparateur_prix\Authentificationgmail\.venv\Lib\site-packages\starlette\middleware\cors.py", line 93, in __call__
    await self.simple_response(scope, receive, send, request_headers=headers)
  File "c:\Users\Thinkbook\Desktop\comparateur_prix\Authentificationgmail\.venv\Lib\site-packages\starlette\middleware\cors.py", line 144, in simple_response
    await self.app(scope, receive, send)
  File "c:\Users\Thinkbook\Desktop\comparateur_prix\Authentificationgmail\.venv\Lib\site-packages\starlette\middleware\exceptions.py", line 63, in __call__
    await wrap_app_handling_exceptions(self.app, conn)(scope, receive, send)
  File "c:\Users\Thinkbook\Desktop\comparateur_prix\Authentificationgmail\.venv\Lib\site-packages\starlette\_exception_handler.py", line 53, in wrapped_app
    raise exc
  File "c:\Users\Thinkbook\Desktop\comparateur_prix\Authentificationgmail\.venv\Lib\site-packages\starlette\_exception_handler.py", line 42, in wrapped_app
    await app(scope, receive, sender)
  File "c:\Users\Thinkbook\Desktop\comparateur_prix\Authentificationgmail\.venv\Lib\site-packages\fastapi\middleware\asyncexitstack.py", line 18, in __call__
    await self.app(scope, receive, send)
  File "c:\Users\Thinkbook\Desktop\comparateur_prix\Authentificationgmail\.venv\Lib\site-packages\starlette\routing.py", line 716, in __call__
    await self.middleware_stack(scope, receive, send)
  File "c:\Users\Thinkbook\Desktop\comparateur_prix\Authentificationgmail\.venv\Lib\site-packages\starlette\routing.py", line 736, in app
    await route.handle(scope, receive, send)
  File "c:\Users\Thinkbook\Desktop\comparateur_prix\Authentificationgmail\.venv\Lib\site-packages\starlette\routing.py", line 290, in handle
    await self.app(scope, receive, send)
  File "c:\Users\Thinkbook\Desktop\comparateur_prix\Authentificationgmail\.venv\Lib\site-packages\fastapi\routing.py", line 125, in app
    await wrap_app_handling_exceptions(app, request)(scope, receive, send)
  File "c:\Users\Thinkbook\Desktop\comparateur_prix\Authentificationgmail\.venv\Lib\site-packages\starlette\_exception_handler.py", line 53, in wrapped_app
    raise exc
  File "c:\Users\Thinkbook\Desktop\comparateur_prix\Authentificationgmail\.venv\Lib\site-packages\starlette\_exception_handler.py", line 42, in wrapped_app
    await app(scope, receive, sender)
  File "c:\Users\Thinkbook\Desktop\comparateur_prix\Authentificationgmail\.venv\Lib\site-packages\fastapi\routing.py", line 111, in app
    response = await f(request)
               ^^^^^^^^^^^^^^^^
  File "c:\Users\Thinkbook\Desktop\comparateur_prix\Authentificationgmail\.venv\Lib\site-packages\fastapi\routing.py", line 391, in app
    raw_response = await run_endpoint_function(
                   ^^^^^^^^^^^^^^^^^^^^^^^^^^^^
  File "c:\Users\Thinkbook\Desktop\comparateur_prix\Authentificationgmail\.venv\Lib\site-packages\fastapi\routing.py", line 292, in run_endpoint_function
    return await run_in_threadpool(dependant.call, **values)
           ^^^^^^^^^^^^^^^^^^^^^^^^^^^^^^^^^^^^^^^^^^^^^^^^^
  File "c:\Users\Thinkbook\Desktop\comparateur_prix\Authentificationgmail\.venv\Lib\site-packages\starlette\concurrency.py", line 32, in run_in_threadpool
    return await anyio.to_thread.run_sync(func)
           ^^^^^^^^^^^^^^^^^^^^^^^^^^^^^^^^^^^^
  File "c:\Users\Thinkbook\Desktop\comparateur_prix\Authentificationgmail\.venv\Lib\site-packages\anyio\to_thread.py", line 56, in run_sync
    return await get_async_backend().run_sync_in_worker_thread(
           ^^^^^^^^^^^^^^^^^^^^^^^^^^^^^^^^^^^^^^^^^^^^^^^^^^^^
  File "c:\Users\Thinkbook\Desktop\comparateur_prix\Authentificationgmail\.venv\Lib\site-packages\anyio\_backends\_asyncio.py", line 2485, in run_sync_in_worker_thread
    return await future
           ^^^^^^^^^^^^
  File "c:\Users\Thinkbook\Desktop\comparateur_prix\Authentificationgmail\.venv\Lib\site-packages\anyio\_backends\_asyncio.py", line 976, in run
    result = context.run(func, *args)
             ^^^^^^^^^^^^^^^^^^^^^^^^
  File "c:\Users\Thinkbook\Desktop\comparateur_prix\Authentificationgmail\backend\microservices\service3-alerts\app\main.py", line 174, in creer_alerte
    prix_actuel = None
       ^^^^^^^
UnboundLocalError: cannot access local variable 'produit' where it is not associated with a value
2026-04-27 12:08:45  INFO      app.crud  [alerts] Alerte créée id=9 user=undefined product=5457 cible=4800.0
INFO:     127.0.0.1:56530 - "POST /alerts HTTP/1.1" 500 Internal Server Error
ERROR:    Exception in ASGI application
Traceback (most recent call last):
  File "c:\Users\Thinkbook\Desktop\comparateur_prix\Authentificationgmail\.venv\Lib\site-packages\uvicorn\protocols\http\httptools_impl.py", line 409, in run_asgi
    result = await app(  # type: ignore[func-returns-value]
             ^^^^^^^^^^^^^^^^^^^^^^^^^^^^^^^^^^^^^^^^^^^^^^
  File "c:\Users\Thinkbook\Desktop\comparateur_prix\Authentificationgmail\.venv\Lib\site-packages\uvicorn\middleware\proxy_headers.py", line 60, in __call__
    return await self.app(scope, receive, send)
           ^^^^^^^^^^^^^^^^^^^^^^^^^^^^^^^^^^^^
  File "c:\Users\Thinkbook\Desktop\comparateur_prix\Authentificationgmail\.venv\Lib\site-packages\fastapi\applications.py", line 1134, in __call__
    await super().__call__(scope, receive, send)
  File "c:\Users\Thinkbook\Desktop\comparateur_prix\Authentificationgmail\.venv\Lib\site-packages\starlette\applications.py", line 107, in __call__
    await self.middleware_stack(scope, receive, send)
  File "c:\Users\Thinkbook\Desktop\comparateur_prix\Authentificationgmail\.venv\Lib\site-packages\starlette\middleware\errors.py", line 186, in __call__
    raise exc
  File "c:\Users\Thinkbook\Desktop\comparateur_prix\Authentificationgmail\.venv\Lib\site-packages\starlette\middleware\errors.py", line 164, in __call__
    await self.app(scope, receive, _send)
  File "c:\Users\Thinkbook\Desktop\comparateur_prix\Authentificationgmail\.venv\Lib\site-packages\starlette\middleware\cors.py", line 93, in __call__
    await self.simple_response(scope, receive, send, request_headers=headers)
  File "c:\Users\Thinkbook\Desktop\comparateur_prix\Authentificationgmail\.venv\Lib\site-packages\starlette\middleware\cors.py", line 144, in simple_response
    await self.app(scope, receive, send)
  File "c:\Users\Thinkbook\Desktop\comparateur_prix\Authentificationgmail\.venv\Lib\site-packages\starlette\middleware\exceptions.py", line 63, in __call__
    await wrap_app_handling_exceptions(self.app, conn)(scope, receive, send)
  File "c:\Users\Thinkbook\Desktop\comparateur_prix\Authentificationgmail\.venv\Lib\site-packages\starlette\_exception_handler.py", line 53, in wrapped_app
    raise exc
  File "c:\Users\Thinkbook\Desktop\comparateur_prix\Authentificationgmail\.venv\Lib\site-packages\starlette\_exception_handler.py", line 42, in wrapped_app
    await app(scope, receive, sender)
  File "c:\Users\Thinkbook\Desktop\comparateur_prix\Authentificationgmail\.venv\Lib\site-packages\fastapi\middleware\asyncexitstack.py", line 18, in __call__
    await self.app(scope, receive, send)
  File "c:\Users\Thinkbook\Desktop\comparateur_prix\Authentificationgmail\.venv\Lib\site-packages\starlette\routing.py", line 716, in __call__
    await self.middleware_stack(scope, receive, send)
  File "c:\Users\Thinkbook\Desktop\comparateur_prix\Authentificationgmail\.venv\Lib\site-packages\starlette\routing.py", line 736, in app
    await route.handle(scope, receive, send)
  File "c:\Users\Thinkbook\Desktop\comparateur_prix\Authentificationgmail\.venv\Lib\site-packages\starlette\routing.py", line 290, in handle
    await self.app(scope, receive, send)
  File "c:\Users\Thinkbook\Desktop\comparateur_prix\Authentificationgmail\.venv\Lib\site-packages\fastapi\routing.py", line 125, in app
    await wrap_app_handling_exceptions(app, request)(scope, receive, send)
  File "c:\Users\Thinkbook\Desktop\comparateur_prix\Authentificationgmail\.venv\Lib\site-packages\starlette\_exception_handler.py", line 53, in wrapped_app
    raise exc
  File "c:\Users\Thinkbook\Desktop\comparateur_prix\Authentificationgmail\.venv\Lib\site-packages\starlette\_exception_handler.py", line 42, in wrapped_app
    await app(scope, receive, sender)
  File "c:\Users\Thinkbook\Desktop\comparateur_prix\Authentificationgmail\.venv\Lib\site-packages\fastapi\routing.py", line 111, in app
    response = await f(request)
               ^^^^^^^^^^^^^^^^
  File "c:\Users\Thinkbook\Desktop\comparateur_prix\Authentificationgmail\.venv\Lib\site-packages\fastapi\routing.py", line 391, in app
    raw_response = await run_endpoint_function(
                   ^^^^^^^^^^^^^^^^^^^^^^^^^^^^
  File "c:\Users\Thinkbook\Desktop\comparateur_prix\Authentificationgmail\.venv\Lib\site-packages\fastapi\routing.py", line 292, in run_endpoint_function
    return await run_in_threadpool(dependant.call, **values)
           ^^^^^^^^^^^^^^^^^^^^^^^^^^^^^^^^^^^^^^^^^^^^^^^^^
  File "c:\Users\Thinkbook\Desktop\comparateur_prix\Authentificationgmail\.venv\Lib\site-packages\starlette\concurrency.py", line 32, in run_in_threadpool
    return await anyio.to_thread.run_sync(func)
           ^^^^^^^^^^^^^^^^^^^^^^^^^^^^^^^^^^^^
  File "c:\Users\Thinkbook\Desktop\comparateur_prix\Authentificationgmail\.venv\Lib\site-packages\anyio\to_thread.py", line 56, in run_sync
    return await get_async_backend().run_sync_in_worker_thread(
           ^^^^^^^^^^^^^^^^^^^^^^^^^^^^^^^^^^^^^^^^^^^^^^^^^^^^
  File "c:\Users\Thinkbook\Desktop\comparateur_prix\Authentificationgmail\.venv\Lib\site-packages\anyio\_backends\_asyncio.py", line 2485, in run_sync_in_worker_thread
    return await future
           ^^^^^^^^^^^^
  File "c:\Users\Thinkbook\Desktop\comparateur_prix\Authentificationgmail\.venv\Lib\site-packages\anyio\_backends\_asyncio.py", line 976, in run
    result = context.run(func, *args)
             ^^^^^^^^^^^^^^^^^^^^^^^^
  File "c:\Users\Thinkbook\Desktop\comparateur_prix\Authentificationgmail\backend\microservices\service3-alerts\app\main.py", line 174, in creer_alerte
    prix_actuel = None
       ^^^^^^^
UnboundLocalError: cannot access local variable 'produit' where it is not associated with a value
2026-04-27 12:10:40  INFO      app.crud  [alerts] Alerte créée id=10 user=undefined product=5457 cible=4800.0
INFO:     127.0.0.1:50627 - "POST /alerts HTTP/1.1" 500 Internal Server Error
ERROR:    Exception in ASGI application
Traceback (most recent call last):
  File "c:\Users\Thinkbook\Desktop\comparateur_prix\Authentificationgmail\.venv\Lib\site-packages\uvicorn\protocols\http\httptools_impl.py", line 409, in run_asgi
    result = await app(  # type: ignore[func-returns-value]
             ^^^^^^^^^^^^^^^^^^^^^^^^^^^^^^^^^^^^^^^^^^^^^^
  File "c:\Users\Thinkbook\Desktop\comparateur_prix\Authentificationgmail\.venv\Lib\site-packages\uvicorn\middleware\proxy_headers.py", line 60, in __call__
    return await self.app(scope, receive, send)
           ^^^^^^^^^^^^^^^^^^^^^^^^^^^^^^^^^^^^
  File "c:\Users\Thinkbook\Desktop\comparateur_prix\Authentificationgmail\.venv\Lib\site-packages\fastapi\applications.py", line 1134, in __call__
    await super().__call__(scope, receive, send)
  File "c:\Users\Thinkbook\Desktop\comparateur_prix\Authentificationgmail\.venv\Lib\site-packages\starlette\applications.py", line 107, in __call__
    await self.middleware_stack(scope, receive, send)
  File "c:\Users\Thinkbook\Desktop\comparateur_prix\Authentificationgmail\.venv\Lib\site-packages\starlette\middleware\errors.py", line 186, in __call__
    raise exc
  File "c:\Users\Thinkbook\Desktop\comparateur_prix\Authentificationgmail\.venv\Lib\site-packages\starlette\middleware\errors.py", line 164, in __call__
    await self.app(scope, receive, _send)
  File "c:\Users\Thinkbook\Desktop\comparateur_prix\Authentificationgmail\.venv\Lib\site-packages\starlette\middleware\cors.py", line 93, in __call__
    await self.simple_response(scope, receive, send, request_headers=headers)
  File "c:\Users\Thinkbook\Desktop\comparateur_prix\Authentificationgmail\.venv\Lib\site-packages\starlette\middleware\cors.py", line 144, in simple_response
    await self.app(scope, receive, send)
  File "c:\Users\Thinkbook\Desktop\comparateur_prix\Authentificationgmail\.venv\Lib\site-packages\starlette\middleware\exceptions.py", line 63, in __call__
    await wrap_app_handling_exceptions(self.app, conn)(scope, receive, send)
  File "c:\Users\Thinkbook\Desktop\comparateur_prix\Authentificationgmail\.venv\Lib\site-packages\starlette\_exception_handler.py", line 53, in wrapped_app
    raise exc
  File "c:\Users\Thinkbook\Desktop\comparateur_prix\Authentificationgmail\.venv\Lib\site-packages\starlette\_exception_handler.py", line 42, in wrapped_app
    await app(scope, receive, sender)
  File "c:\Users\Thinkbook\Desktop\comparateur_prix\Authentificationgmail\.venv\Lib\site-packages\fastapi\middleware\asyncexitstack.py", line 18, in __call__
    await self.app(scope, receive, send)
  File "c:\Users\Thinkbook\Desktop\comparateur_prix\Authentificationgmail\.venv\Lib\site-packages\starlette\routing.py", line 716, in __call__
    await self.middleware_stack(scope, receive, send)
  File "c:\Users\Thinkbook\Desktop\comparateur_prix\Authentificationgmail\.venv\Lib\site-packages\starlette\routing.py", line 736, in app
    await route.handle(scope, receive, send)
  File "c:\Users\Thinkbook\Desktop\comparateur_prix\Authentificationgmail\.venv\Lib\site-packages\starlette\routing.py", line 290, in handle
    await self.app(scope, receive, send)
  File "c:\Users\Thinkbook\Desktop\comparateur_prix\Authentificationgmail\.venv\Lib\site-packages\fastapi\routing.py", line 125, in app
    await wrap_app_handling_exceptions(app, request)(scope, receive, send)
  File "c:\Users\Thinkbook\Desktop\comparateur_prix\Authentificationgmail\.venv\Lib\site-packages\starlette\_exception_handler.py", line 53, in wrapped_app
    raise exc
  File "c:\Users\Thinkbook\Desktop\comparateur_prix\Authentificationgmail\.venv\Lib\site-packages\starlette\_exception_handler.py", line 42, in wrapped_app
    await app(scope, receive, sender)
  File "c:\Users\Thinkbook\Desktop\comparateur_prix\Authentificationgmail\.venv\Lib\site-packages\fastapi\routing.py", line 111, in app
    response = await f(request)
               ^^^^^^^^^^^^^^^^
  File "c:\Users\Thinkbook\Desktop\comparateur_prix\Authentificationgmail\.venv\Lib\site-packages\fastapi\routing.py", line 391, in app
    raw_response = await run_endpoint_function(
                   ^^^^^^^^^^^^^^^^^^^^^^^^^^^^
  File "c:\Users\Thinkbook\Desktop\comparateur_prix\Authentificationgmail\.venv\Lib\site-packages\fastapi\routing.py", line 292, in run_endpoint_function
    return await run_in_threadpool(dependant.call, **values)
           ^^^^^^^^^^^^^^^^^^^^^^^^^^^^^^^^^^^^^^^^^^^^^^^^^
  File "c:\Users\Thinkbook\Desktop\comparateur_prix\Authentificationgmail\.venv\Lib\site-packages\starlette\concurrency.py", line 32, in run_in_threadpool
    return await anyio.to_thread.run_sync(func)
           ^^^^^^^^^^^^^^^^^^^^^^^^^^^^^^^^^^^^
  File "c:\Users\Thinkbook\Desktop\comparateur_prix\Authentificationgmail\.venv\Lib\site-packages\anyio\to_thread.py", line 56, in run_sync
    return await get_async_backend().run_sync_in_worker_thread(
           ^^^^^^^^^^^^^^^^^^^^^^^^^^^^^^^^^^^^^^^^^^^^^^^^^^^^
  File "c:\Users\Thinkbook\Desktop\comparateur_prix\Authentificationgmail\.venv\Lib\site-packages\anyio\_backends\_asyncio.py", line 2485, in run_sync_in_worker_thread
    return await future
           ^^^^^^^^^^^^
  File "c:\Users\Thinkbook\Desktop\comparateur_prix\Authentificationgmail\.venv\Lib\site-packages\anyio\_backends\_asyncio.py", line 976, in run
    result = context.run(func, *args)
             ^^^^^^^^^^^^^^^^^^^^^^^^
  File "c:\Users\Thinkbook\Desktop\comparateur_prix\Authentificationgmail\backend\microservices\service3-alerts\app\main.py", line 174, in creer_alerte
    if produit:
       ^^^^^^^
UnboundLocalError: cannot access local variable 'produit' where it is not associated with a value
2026-04-27 12:10:41  INFO      app.crud  [alerts] Alerte créée id=11 user=undefined product=5457 cible=4800.0
INFO:     127.0.0.1:53272 - "POST /alerts HTTP/1.1" 500 Internal Server Error
ERROR:    Exception in ASGI application
Traceback (most recent call last):
  File "c:\Users\Thinkbook\Desktop\comparateur_prix\Authentificationgmail\.venv\Lib\site-packages\uvicorn\protocols\http\httptools_impl.py", line 409, in run_asgi
    result = await app(  # type: ignore[func-returns-value]
             ^^^^^^^^^^^^^^^^^^^^^^^^^^^^^^^^^^^^^^^^^^^^^^
  File "c:\Users\Thinkbook\Desktop\comparateur_prix\Authentificationgmail\.venv\Lib\site-packages\uvicorn\middleware\proxy_headers.py", line 60, in __call__
    return await self.app(scope, receive, send)
           ^^^^^^^^^^^^^^^^^^^^^^^^^^^^^^^^^^^^
  File "c:\Users\Thinkbook\Desktop\comparateur_prix\Authentificationgmail\.venv\Lib\site-packages\fastapi\applications.py", line 1134, in __call__
    await super().__call__(scope, receive, send)
  File "c:\Users\Thinkbook\Desktop\comparateur_prix\Authentificationgmail\.venv\Lib\site-packages\starlette\applications.py", line 107, in __call__
    await self.middleware_stack(scope, receive, send)
  File "c:\Users\Thinkbook\Desktop\comparateur_prix\Authentificationgmail\.venv\Lib\site-packages\starlette\middleware\errors.py", line 186, in __call__
    raise exc
  File "c:\Users\Thinkbook\Desktop\comparateur_prix\Authentificationgmail\.venv\Lib\site-packages\starlette\middleware\errors.py", line 164, in __call__
    await self.app(scope, receive, _send)
  File "c:\Users\Thinkbook\Desktop\comparateur_prix\Authentificationgmail\.venv\Lib\site-packages\starlette\middleware\cors.py", line 93, in __call__
    await self.simple_response(scope, receive, send, request_headers=headers)
  File "c:\Users\Thinkbook\Desktop\comparateur_prix\Authentificationgmail\.venv\Lib\site-packages\starlette\middleware\cors.py", line 144, in simple_response
    await self.app(scope, receive, send)
  File "c:\Users\Thinkbook\Desktop\comparateur_prix\Authentificationgmail\.venv\Lib\site-packages\starlette\middleware\exceptions.py", line 63, in __call__
    await wrap_app_handling_exceptions(self.app, conn)(scope, receive, send)
  File "c:\Users\Thinkbook\Desktop\comparateur_prix\Authentificationgmail\.venv\Lib\site-packages\starlette\_exception_handler.py", line 53, in wrapped_app
    raise exc
  File "c:\Users\Thinkbook\Desktop\comparateur_prix\Authentificationgmail\.venv\Lib\site-packages\starlette\_exception_handler.py", line 42, in wrapped_app
    await app(scope, receive, sender)
  File "c:\Users\Thinkbook\Desktop\comparateur_prix\Authentificationgmail\.venv\Lib\site-packages\fastapi\middleware\asyncexitstack.py", line 18, in __call__
    await self.app(scope, receive, send)
  File "c:\Users\Thinkbook\Desktop\comparateur_prix\Authentificationgmail\.venv\Lib\site-packages\starlette\routing.py", line 716, in __call__
    await self.middleware_stack(scope, receive, send)
  File "c:\Users\Thinkbook\Desktop\comparateur_prix\Authentificationgmail\.venv\Lib\site-packages\starlette\routing.py", line 736, in app
    await route.handle(scope, receive, send)
  File "c:\Users\Thinkbook\Desktop\comparateur_prix\Authentificationgmail\.venv\Lib\site-packages\starlette\routing.py", line 290, in handle
    await self.app(scope, receive, send)
  File "c:\Users\Thinkbook\Desktop\comparateur_prix\Authentificationgmail\.venv\Lib\site-packages\fastapi\routing.py", line 125, in app
    await wrap_app_handling_exceptions(app, request)(scope, receive, send)
  File "c:\Users\Thinkbook\Desktop\comparateur_prix\Authentificationgmail\.venv\Lib\site-packages\starlette\_exception_handler.py", line 53, in wrapped_app
    raise exc
  File "c:\Users\Thinkbook\Desktop\comparateur_prix\Authentificationgmail\.venv\Lib\site-packages\starlette\_exception_handler.py", line 42, in wrapped_app
    await app(scope, receive, sender)
  File "c:\Users\Thinkbook\Desktop\comparateur_prix\Authentificationgmail\.venv\Lib\site-packages\fastapi\routing.py", line 111, in app
    response = await f(request)
               ^^^^^^^^^^^^^^^^
  File "c:\Users\Thinkbook\Desktop\comparateur_prix\Authentificationgmail\.venv\Lib\site-packages\fastapi\routing.py", line 391, in app
    raw_response = await run_endpoint_function(
                   ^^^^^^^^^^^^^^^^^^^^^^^^^^^^
  File "c:\Users\Thinkbook\Desktop\comparateur_prix\Authentificationgmail\.venv\Lib\site-packages\fastapi\routing.py", line 292, in run_endpoint_function
    return await run_in_threadpool(dependant.call, **values)
           ^^^^^^^^^^^^^^^^^^^^^^^^^^^^^^^^^^^^^^^^^^^^^^^^^
  File "c:\Users\Thinkbook\Desktop\comparateur_prix\Authentificationgmail\.venv\Lib\site-packages\starlette\concurrency.py", line 32, in run_in_threadpool
    return await anyio.to_thread.run_sync(func)
           ^^^^^^^^^^^^^^^^^^^^^^^^^^^^^^^^^^^^
  File "c:\Users\Thinkbook\Desktop\comparateur_prix\Authentificationgmail\.venv\Lib\site-packages\anyio\to_thread.py", line 56, in run_sync
    return await get_async_backend().run_sync_in_worker_thread(
           ^^^^^^^^^^^^^^^^^^^^^^^^^^^^^^^^^^^^^^^^^^^^^^^^^^^^
  File "c:\Users\Thinkbook\Desktop\comparateur_prix\Authentificationgmail\.venv\Lib\site-packages\anyio\_backends\_asyncio.py", line 2485, in run_sync_in_worker_thread
    return await future
           ^^^^^^^^^^^^
  File "c:\Users\Thinkbook\Desktop\comparateur_prix\Authentificationgmail\.venv\Lib\site-packages\anyio\_backends\_asyncio.py", line 976, in run
    result = context.run(func, *args)
             ^^^^^^^^^^^^^^^^^^^^^^^^
  File "c:\Users\Thinkbook\Desktop\comparateur_prix\Authentificationgmail\backend\microservices\service3-alerts\app\main.py", line 174, in creer_alerte
    if produit:
       ^^^^^^^
UnboundLocalError: cannot access local variable 'produit' where it is not associated with a value
2026-04-27 12:10:42  INFO      app.crud  [alerts] Alerte créée id=12 user=undefined product=5457 cible=4800.0
INFO:     127.0.0.1:58814 - "POST /alerts HTTP/1.1" 500 Internal Server Error
ERROR:    Exception in ASGI application
Traceback (most recent call last):
  File "c:\Users\Thinkbook\Desktop\comparateur_prix\Authentificationgmail\.venv\Lib\site-packages\uvicorn\protocols\http\httptools_impl.py", line 409, in run_asgi
    result = await app(  # type: ignore[func-returns-value]
             ^^^^^^^^^^^^^^^^^^^^^^^^^^^^^^^^^^^^^^^^^^^^^^
  File "c:\Users\Thinkbook\Desktop\comparateur_prix\Authentificationgmail\.venv\Lib\site-packages\uvicorn\middleware\proxy_headers.py", line 60, in __call__
    return await self.app(scope, receive, send)
           ^^^^^^^^^^^^^^^^^^^^^^^^^^^^^^^^^^^^
  File "c:\Users\Thinkbook\Desktop\comparateur_prix\Authentificationgmail\.venv\Lib\site-packages\fastapi\applications.py", line 1134, in __call__
    await super().__call__(scope, receive, send)
  File "c:\Users\Thinkbook\Desktop\comparateur_prix\Authentificationgmail\.venv\Lib\site-packages\starlette\applications.py", line 107, in __call__
    await self.middleware_stack(scope, receive, send)
  File "c:\Users\Thinkbook\Desktop\comparateur_prix\Authentificationgmail\.venv\Lib\site-packages\starlette\middleware\errors.py", line 186, in __call__
    raise exc
  File "c:\Users\Thinkbook\Desktop\comparateur_prix\Authentificationgmail\.venv\Lib\site-packages\starlette\middleware\errors.py", line 164, in __call__
    await self.app(scope, receive, _send)
  File "c:\Users\Thinkbook\Desktop\comparateur_prix\Authentificationgmail\.venv\Lib\site-packages\starlette\middleware\cors.py", line 93, in __call__
    await self.simple_response(scope, receive, send, request_headers=headers)
  File "c:\Users\Thinkbook\Desktop\comparateur_prix\Authentificationgmail\.venv\Lib\site-packages\starlette\middleware\cors.py", line 144, in simple_response
    await self.app(scope, receive, send)
  File "c:\Users\Thinkbook\Desktop\comparateur_prix\Authentificationgmail\.venv\Lib\site-packages\starlette\middleware\exceptions.py", line 63, in __call__
    await wrap_app_handling_exceptions(self.app, conn)(scope, receive, send)
  File "c:\Users\Thinkbook\Desktop\comparateur_prix\Authentificationgmail\.venv\Lib\site-packages\starlette\_exception_handler.py", line 53, in wrapped_app
    raise exc
  File "c:\Users\Thinkbook\Desktop\comparateur_prix\Authentificationgmail\.venv\Lib\site-packages\starlette\_exception_handler.py", line 42, in wrapped_app
    await app(scope, receive, sender)
  File "c:\Users\Thinkbook\Desktop\comparateur_prix\Authentificationgmail\.venv\Lib\site-packages\fastapi\middleware\asyncexitstack.py", line 18, in __call__
    await self.app(scope, receive, send)
  File "c:\Users\Thinkbook\Desktop\comparateur_prix\Authentificationgmail\.venv\Lib\site-packages\starlette\routing.py", line 716, in __call__
    await self.middleware_stack(scope, receive, send)
  File "c:\Users\Thinkbook\Desktop\comparateur_prix\Authentificationgmail\.venv\Lib\site-packages\starlette\routing.py", line 736, in app
    await route.handle(scope, receive, send)
  File "c:\Users\Thinkbook\Desktop\comparateur_prix\Authentificationgmail\.venv\Lib\site-packages\starlette\routing.py", line 290, in handle
    await self.app(scope, receive, send)
  File "c:\Users\Thinkbook\Desktop\comparateur_prix\Authentificationgmail\.venv\Lib\site-packages\fastapi\routing.py", line 125, in app
    await wrap_app_handling_exceptions(app, request)(scope, receive, send)
  File "c:\Users\Thinkbook\Desktop\comparateur_prix\Authentificationgmail\.venv\Lib\site-packages\starlette\_exception_handler.py", line 53, in wrapped_app
    raise exc
  File "c:\Users\Thinkbook\Desktop\comparateur_prix\Authentificationgmail\.venv\Lib\site-packages\starlette\_exception_handler.py", line 42, in wrapped_app
    await app(scope, receive, sender)
  File "c:\Users\Thinkbook\Desktop\comparateur_prix\Authentificationgmail\.venv\Lib\site-packages\fastapi\routing.py", line 111, in app
    response = await f(request)
               ^^^^^^^^^^^^^^^^
  File "c:\Users\Thinkbook\Desktop\comparateur_prix\Authentificationgmail\.venv\Lib\site-packages\fastapi\routing.py", line 391, in app
    raw_response = await run_endpoint_function(
                   ^^^^^^^^^^^^^^^^^^^^^^^^^^^^
  File "c:\Users\Thinkbook\Desktop\comparateur_prix\Authentificationgmail\.venv\Lib\site-packages\fastapi\routing.py", line 292, in run_endpoint_function
    return await run_in_threadpool(dependant.call, **values)
           ^^^^^^^^^^^^^^^^^^^^^^^^^^^^^^^^^^^^^^^^^^^^^^^^^
  File "c:\Users\Thinkbook\Desktop\comparateur_prix\Authentificationgmail\.venv\Lib\site-packages\starlette\concurrency.py", line 32, in run_in_threadpool
    return await anyio.to_thread.run_sync(func)
           ^^^^^^^^^^^^^^^^^^^^^^^^^^^^^^^^^^^^
  File "c:\Users\Thinkbook\Desktop\comparateur_prix\Authentificationgmail\.venv\Lib\site-packages\anyio\to_thread.py", line 56, in run_sync
    return await get_async_backend().run_sync_in_worker_thread(
           ^^^^^^^^^^^^^^^^^^^^^^^^^^^^^^^^^^^^^^^^^^^^^^^^^^^^
  File "c:\Users\Thinkbook\Desktop\comparateur_prix\Authentificationgmail\.venv\Lib\site-packages\anyio\_backends\_asyncio.py", line 2485, in run_sync_in_worker_thread
    return await future
           ^^^^^^^^^^^^
  File "c:\Users\Thinkbook\Desktop\comparateur_prix\Authentificationgmail\.venv\Lib\site-packages\anyio\_backends\_asyncio.py", line 976, in run
    result = context.run(func, *args)
             ^^^^^^^^^^^^^^^^^^^^^^^^
  File "c:\Users\Thinkbook\Desktop\comparateur_prix\Authentificationgmail\backend\microservices\service3-alerts\app\main.py", line 174, in creer_alerte
    if produit:
       ^^^^^^^
UnboundLocalError: cannot access local variable 'produit' where it is not associated with a value
2026-04-27 12:10:42  INFO      app.crud  [alerts] Alerte créée id=13 user=undefined product=5457 cible=4800.0
INFO:     127.0.0.1:63872 - "POST /alerts HTTP/1.1" 500 Internal Server Error
ERROR:    Exception in ASGI application
Traceback (most recent call last):
  File "c:\Users\Thinkbook\Desktop\comparateur_prix\Authentificationgmail\.venv\Lib\site-packages\uvicorn\protocols\http\httptools_impl.py", line 409, in run_asgi
    result = await app(  # type: ignore[func-returns-value]
             ^^^^^^^^^^^^^^^^^^^^^^^^^^^^^^^^^^^^^^^^^^^^^^
  File "c:\Users\Thinkbook\Desktop\comparateur_prix\Authentificationgmail\.venv\Lib\site-packages\uvicorn\middleware\proxy_headers.py", line 60, in __call__
    return await self.app(scope, receive, send)
           ^^^^^^^^^^^^^^^^^^^^^^^^^^^^^^^^^^^^
  File "c:\Users\Thinkbook\Desktop\comparateur_prix\Authentificationgmail\.venv\Lib\site-packages\fastapi\applications.py", line 1134, in __call__
    await super().__call__(scope, receive, send)
  File "c:\Users\Thinkbook\Desktop\comparateur_prix\Authentificationgmail\.venv\Lib\site-packages\starlette\applications.py", line 107, in __call__
    await self.middleware_stack(scope, receive, send)
  File "c:\Users\Thinkbook\Desktop\comparateur_prix\Authentificationgmail\.venv\Lib\site-packages\starlette\middleware\errors.py", line 186, in __call__
    raise exc
  File "c:\Users\Thinkbook\Desktop\comparateur_prix\Authentificationgmail\.venv\Lib\site-packages\starlette\middleware\errors.py", line 164, in __call__
    await self.app(scope, receive, _send)
  File "c:\Users\Thinkbook\Desktop\comparateur_prix\Authentificationgmail\.venv\Lib\site-packages\starlette\middleware\cors.py", line 93, in __call__
    await self.simple_response(scope, receive, send, request_headers=headers)
  File "c:\Users\Thinkbook\Desktop\comparateur_prix\Authentificationgmail\.venv\Lib\site-packages\starlette\middleware\cors.py", line 144, in simple_response
    await self.app(scope, receive, send)
  File "c:\Users\Thinkbook\Desktop\comparateur_prix\Authentificationgmail\.venv\Lib\site-packages\starlette\middleware\exceptions.py", line 63, in __call__
    await wrap_app_handling_exceptions(self.app, conn)(scope, receive, send)
  File "c:\Users\Thinkbook\Desktop\comparateur_prix\Authentificationgmail\.venv\Lib\site-packages\starlette\_exception_handler.py", line 53, in wrapped_app
    raise exc
  File "c:\Users\Thinkbook\Desktop\comparateur_prix\Authentificationgmail\.venv\Lib\site-packages\starlette\_exception_handler.py", line 42, in wrapped_app
    await app(scope, receive, sender)
  File "c:\Users\Thinkbook\Desktop\comparateur_prix\Authentificationgmail\.venv\Lib\site-packages\fastapi\middleware\asyncexitstack.py", line 18, in __call__
    await self.app(scope, receive, send)
  File "c:\Users\Thinkbook\Desktop\comparateur_prix\Authentificationgmail\.venv\Lib\site-packages\starlette\routing.py", line 716, in __call__
    await self.middleware_stack(scope, receive, send)
  File "c:\Users\Thinkbook\Desktop\comparateur_prix\Authentificationgmail\.venv\Lib\site-packages\starlette\routing.py", line 736, in app
    await route.handle(scope, receive, send)
  File "c:\Users\Thinkbook\Desktop\comparateur_prix\Authentificationgmail\.venv\Lib\site-packages\starlette\routing.py", line 290, in handle
    await self.app(scope, receive, send)
  File "c:\Users\Thinkbook\Desktop\comparateur_prix\Authentificationgmail\.venv\Lib\site-packages\fastapi\routing.py", line 125, in app
    await wrap_app_handling_exceptions(app, request)(scope, receive, send)
  File "c:\Users\Thinkbook\Desktop\comparateur_prix\Authentificationgmail\.venv\Lib\site-packages\starlette\_exception_handler.py", line 53, in wrapped_app
    raise exc
  File "c:\Users\Thinkbook\Desktop\comparateur_prix\Authentificationgmail\.venv\Lib\site-packages\starlette\_exception_handler.py", line 42, in wrapped_app
    await app(scope, receive, sender)
  File "c:\Users\Thinkbook\Desktop\comparateur_prix\Authentificationgmail\.venv\Lib\site-packages\fastapi\routing.py", line 111, in app
    response = await f(request)
               ^^^^^^^^^^^^^^^^
  File "c:\Users\Thinkbook\Desktop\comparateur_prix\Authentificationgmail\.venv\Lib\site-packages\fastapi\routing.py", line 391, in app
    raw_response = await run_endpoint_function(
                   ^^^^^^^^^^^^^^^^^^^^^^^^^^^^
  File "c:\Users\Thinkbook\Desktop\comparateur_prix\Authentificationgmail\.venv\Lib\site-packages\fastapi\routing.py", line 292, in run_endpoint_function
    return await run_in_threadpool(dependant.call, **values)
           ^^^^^^^^^^^^^^^^^^^^^^^^^^^^^^^^^^^^^^^^^^^^^^^^^
  File "c:\Users\Thinkbook\Desktop\comparateur_prix\Authentificationgmail\.venv\Lib\site-packages\starlette\concurrency.py", line 32, in run_in_threadpool
    return await anyio.to_thread.run_sync(func)
           ^^^^^^^^^^^^^^^^^^^^^^^^^^^^^^^^^^^^
  File "c:\Users\Thinkbook\Desktop\comparateur_prix\Authentificationgmail\.venv\Lib\site-packages\anyio\to_thread.py", line 56, in run_sync
    return await get_async_backend().run_sync_in_worker_thread(
           ^^^^^^^^^^^^^^^^^^^^^^^^^^^^^^^^^^^^^^^^^^^^^^^^^^^^
  File "c:\Users\Thinkbook\Desktop\comparateur_prix\Authentificationgmail\.venv\Lib\site-packages\anyio\_backends\_asyncio.py", line 2485, in run_sync_in_worker_thread
    return await future
           ^^^^^^^^^^^^
  File "c:\Users\Thinkbook\Desktop\comparateur_prix\Authentificationgmail\.venv\Lib\site-packages\anyio\_backends\_asyncio.py", line 976, in run
    result = context.run(func, *args)
             ^^^^^^^^^^^^^^^^^^^^^^^^
  File "c:\Users\Thinkbook\Desktop\comparateur_prix\Authentificationgmail\backend\microservices\service3-alerts\app\main.py", line 174, in creer_alerte
    if produit:
       ^^^^^^^
UnboundLocalError: cannot access local variable 'produit' where it is not associated with a value
2026-04-27 12:10:42  INFO      app.crud  [alerts] Alerte créée id=14 user=undefined product=5457 cible=4800.0
INFO:     127.0.0.1:61664 - "POST /alerts HTTP/1.1" 500 Internal Server Error
ERROR:    Exception in ASGI application
Traceback (most recent call last):
  File "c:\Users\Thinkbook\Desktop\comparateur_prix\Authentificationgmail\.venv\Lib\site-packages\uvicorn\protocols\http\httptools_impl.py", line 409, in run_asgi
    result = await app(  # type: ignore[func-returns-value]
             ^^^^^^^^^^^^^^^^^^^^^^^^^^^^^^^^^^^^^^^^^^^^^^
  File "c:\Users\Thinkbook\Desktop\comparateur_prix\Authentificationgmail\.venv\Lib\site-packages\uvicorn\middleware\proxy_headers.py", line 60, in __call__
    return await self.app(scope, receive, send)
           ^^^^^^^^^^^^^^^^^^^^^^^^^^^^^^^^^^^^
  File "c:\Users\Thinkbook\Desktop\comparateur_prix\Authentificationgmail\.venv\Lib\site-packages\fastapi\applications.py", line 1134, in __call__
    await super().__call__(scope, receive, send)
  File "c:\Users\Thinkbook\Desktop\comparateur_prix\Authentificationgmail\.venv\Lib\site-packages\starlette\applications.py", line 107, in __call__
    await self.middleware_stack(scope, receive, send)
  File "c:\Users\Thinkbook\Desktop\comparateur_prix\Authentificationgmail\.venv\Lib\site-packages\starlette\middleware\errors.py", line 186, in __call__
    raise exc
  File "c:\Users\Thinkbook\Desktop\comparateur_prix\Authentificationgmail\.venv\Lib\site-packages\starlette\middleware\errors.py", line 164, in __call__
    await self.app(scope, receive, _send)
  File "c:\Users\Thinkbook\Desktop\comparateur_prix\Authentificationgmail\.venv\Lib\site-packages\starlette\middleware\cors.py", line 93, in __call__
    await self.simple_response(scope, receive, send, request_headers=headers)
  File "c:\Users\Thinkbook\Desktop\comparateur_prix\Authentificationgmail\.venv\Lib\site-packages\starlette\middleware\cors.py", line 144, in simple_response
    await self.app(scope, receive, send)
  File "c:\Users\Thinkbook\Desktop\comparateur_prix\Authentificationgmail\.venv\Lib\site-packages\starlette\middleware\exceptions.py", line 63, in __call__
    await wrap_app_handling_exceptions(self.app, conn)(scope, receive, send)
  File "c:\Users\Thinkbook\Desktop\comparateur_prix\Authentificationgmail\.venv\Lib\site-packages\starlette\_exception_handler.py", line 53, in wrapped_app
    raise exc
  File "c:\Users\Thinkbook\Desktop\comparateur_prix\Authentificationgmail\.venv\Lib\site-packages\starlette\_exception_handler.py", line 42, in wrapped_app
    await app(scope, receive, sender)
  File "c:\Users\Thinkbook\Desktop\comparateur_prix\Authentificationgmail\.venv\Lib\site-packages\fastapi\middleware\asyncexitstack.py", line 18, in __call__
    await self.app(scope, receive, send)
  File "c:\Users\Thinkbook\Desktop\comparateur_prix\Authentificationgmail\.venv\Lib\site-packages\starlette\routing.py", line 716, in __call__
    await self.middleware_stack(scope, receive, send)
  File "c:\Users\Thinkbook\Desktop\comparateur_prix\Authentificationgmail\.venv\Lib\site-packages\starlette\routing.py", line 736, in app
    await route.handle(scope, receive, send)
  File "c:\Users\Thinkbook\Desktop\comparateur_prix\Authentificationgmail\.venv\Lib\site-packages\starlette\routing.py", line 290, in handle
    await self.app(scope, receive, send)
  File "c:\Users\Thinkbook\Desktop\comparateur_prix\Authentificationgmail\.venv\Lib\site-packages\fastapi\routing.py", line 125, in app
    await wrap_app_handling_exceptions(app, request)(scope, receive, send)
  File "c:\Users\Thinkbook\Desktop\comparateur_prix\Authentificationgmail\.venv\Lib\site-packages\starlette\_exception_handler.py", line 53, in wrapped_app
    raise exc
  File "c:\Users\Thinkbook\Desktop\comparateur_prix\Authentificationgmail\.venv\Lib\site-packages\starlette\_exception_handler.py", line 42, in wrapped_app
    await app(scope, receive, sender)
  File "c:\Users\Thinkbook\Desktop\comparateur_prix\Authentificationgmail\.venv\Lib\site-packages\fastapi\routing.py", line 111, in app
    response = await f(request)
               ^^^^^^^^^^^^^^^^
  File "c:\Users\Thinkbook\Desktop\comparateur_prix\Authentificationgmail\.venv\Lib\site-packages\fastapi\routing.py", line 391, in app
    raw_response = await run_endpoint_function(
                   ^^^^^^^^^^^^^^^^^^^^^^^^^^^^
  File "c:\Users\Thinkbook\Desktop\comparateur_prix\Authentificationgmail\.venv\Lib\site-packages\fastapi\routing.py", line 292, in run_endpoint_function
    return await run_in_threadpool(dependant.call, **values)
           ^^^^^^^^^^^^^^^^^^^^^^^^^^^^^^^^^^^^^^^^^^^^^^^^^
  File "c:\Users\Thinkbook\Desktop\comparateur_prix\Authentificationgmail\.venv\Lib\site-packages\starlette\concurrency.py", line 32, in run_in_threadpool
    return await anyio.to_thread.run_sync(func)
           ^^^^^^^^^^^^^^^^^^^^^^^^^^^^^^^^^^^^
  File "c:\Users\Thinkbook\Desktop\comparateur_prix\Authentificationgmail\.venv\Lib\site-packages\anyio\to_thread.py", line 56, in run_sync
    return await get_async_backend().run_sync_in_worker_thread(
           ^^^^^^^^^^^^^^^^^^^^^^^^^^^^^^^^^^^^^^^^^^^^^^^^^^^^
  File "c:\Users\Thinkbook\Desktop\comparateur_prix\Authentificationgmail\.venv\Lib\site-packages\anyio\_backends\_asyncio.py", line 2485, in run_sync_in_worker_thread
    return await future
           ^^^^^^^^^^^^
  File "c:\Users\Thinkbook\Desktop\comparateur_prix\Authentificationgmail\.venv\Lib\site-packages\anyio\_backends\_asyncio.py", line 976, in run
    result = context.run(func, *args)
             ^^^^^^^^^^^^^^^^^^^^^^^^
  File "c:\Users\Thinkbook\Desktop\comparateur_prix\Authentificationgmail\backend\microservices\service3-alerts\app\main.py", line 174, in creer_alerte
    if produit:
       ^^^^^^^
UnboundLocalError: cannot access local variable 'produit' where it is not associated with a value
INFO:     Started server process [16972]
INFO:     Waiting for application startup.
2026-04-27 12:16:01  INFO      app.main  Service 3 – Alertes de Prix démarré
2026-04-27 12:16:02  INFO      app.database  [DB] Table 'alerts' vérifiée/créée
2026-04-27 12:16:02  INFO      app.database  [DB] Connexion OK — 57667 produits trouvés dans la DB partagée
2026-04-27 12:16:02  INFO      apscheduler.scheduler  Adding job tentatively -- it will be properly scheduled when the scheduler starts
2026-04-27 12:16:02  INFO      apscheduler.scheduler  Added job "_start_scheduler.<locals>.job_verifier" to job store "default"
2026-04-27 12:16:02  INFO      apscheduler.scheduler  Scheduler started
2026-04-27 12:16:02  INFO      app.main  [scheduler] Vérification alertes planifiée à 03:30
INFO:     Application startup complete.
INFO:     Uvicorn running on http://0.0.0.0:8003 (Press CTRL+C to quit)
INFO:     127.0.0.1:62154 - "OPTIONS /alerts HTTP/1.1" 200 OK
2026-04-27 12:17:29  INFO      app.crud  [alerts] Alerte créée id=15 user=undefined product=5457 cible=4800.0
Erreur envoi confirmation a hamza.chikhe50@gmail.com: (535, b'5.7.8 Username and Password not accepted. For more information, go to\n5.7.8  https://support.google.com/mail/?p=BadCredentials 4fb4d7f45d1cf-672c4d69708sm6916895a12.28 - gsmtp')
INFO:     127.0.0.1:62154 - "POST /alerts HTTP/1.1" 201 Created
2026-04-27 12:17:31  INFO      app.crud  [alerts] Alerte créée id=16 user=undefined product=5457 cible=4800.0
Erreur envoi confirmation a hamza.chikhe50@gmail.com: (535, b'5.7.8 Username and Password not accepted. For more information, go to\n5.7.8  https://support.google.com/mail/?p=BadCredentials a640c23a62f3a-ba455046223sm1102428866b.49 - gsmtp')
INFO:     127.0.0.1:63239 - "POST /alerts HTTP/1.1" 201 Created
2026-04-27 12:21:17  INFO      app.crud  [alerts] Alerte créée id=17 user=hamza.chikhe50@gmail.com product=5457 cible=5000.0
2026-04-27 12:21:18  INFO      app.crud  [alerts] Alerte créée id=18 user=hamza.chikhe50@gmail.com product=5457 cible=5000.0
Erreur envoi confirmation a hamza.chikhe50@gmail.com: (535, b'5.7.8 Username and Password not accepted. For more information, go to\n5.7.8  https://support.google.com/mail/?p=BadCredentials a640c23a62f3a-ba451cd8205sm1114202966b.24 - gsmtp')
INFO:     127.0.0.1:64807 - "POST /alerts HTTP/1.1" 201 Created
Erreur envoi confirmation a hamza.chikhe50@gmail.com: (535, b'5.7.8 Username and Password not accepted. For more information, go to\n5.7.8  https://support.google.com/mail/?p=BadCredentials a640c23a62f3a-ba451211010sm1150079666b.1 - gsmtp')
INFO:     127.0.0.1:64689 - "POST /alerts HTTP/1.1" 201 Created
INFO:     Started server process [19496]
INFO:     Waiting for application startup.
2026-04-27 12:28:03  INFO      app.main  Service 3 – Alertes de Prix démarré
2026-04-27 12:28:03  INFO      app.database  [DB] Table 'alerts' vérifiée/créée
2026-04-27 12:28:03  INFO      app.database  [DB] Connexion OK — 57667 produits trouvés dans la DB partagée
2026-04-27 12:28:03  INFO      apscheduler.scheduler  Adding job tentatively -- it will be properly scheduled when the scheduler starts
2026-04-27 12:28:04  INFO      apscheduler.scheduler  Added job "_start_scheduler.<locals>.job_verifier" to job store "default"
2026-04-27 12:28:04  INFO      apscheduler.scheduler  Scheduler started
2026-04-27 12:28:04  INFO      app.main  [scheduler] Vérification alertes planifiée à 03:30
INFO:     Application startup complete.
INFO:     Uvicorn running on http://0.0.0.0:8003 (Press CTRL+C to quit)
INFO:     127.0.0.1:59916 - "OPTIONS /alerts HTTP/1.1" 200 OK
2026-04-27 12:32:37  INFO      app.crud  [alerts] Alerte créée id=19 user=hamza.chikhe50@gmail.com product=4306 cible=700.0
2026-04-27 12:32:38  INFO      app.crud  [alerts] Alerte créée id=20 user=hamza.chikhe50@gmail.com product=4306 cible=700.0
2026-04-27 12:32:39  INFO      app.crud  [alerts] Alerte créée id=21 user=hamza.chikhe50@gmail.com product=4306 cible=700.0
2026-04-27 12:32:39  INFO      app.crud  [alerts] Alerte créée id=22 user=hamza.chikhe50@gmail.com product=4306 cible=700.0
2026-04-27 12:32:39  INFO      app.crud  [alerts] Alerte créée id=23 user=hamza.chikhe50@gmail.com product=4306 cible=700.0
2026-04-27 12:32:39  INFO      app.crud  [alerts] Alerte créée id=24 user=hamza.chikhe50@gmail.com product=4306 cible=700.0
Erreur envoi confirmation a hamza.chikhe50@gmail.com: (535, b'5.7.8 Username and Password not accepted. For more information, go to\n5.7.8  https://support.google.com/mail/?p=BadCredentials 4fb4d7f45d1cf-672c4d6f63fsm6895510a12.31 - gsmtp')
INFO:     127.0.0.1:59916 - "POST /alerts HTTP/1.1" 201 Created
Erreur envoi confirmation a hamza.chikhe50@gmail.com: (535, b'5.7.8 Username and Password not accepted. For more information, go to\n5.7.8  https://support.google.com/mail/?p=BadCredentials a640c23a62f3a-ba53297b1acsm1030348966b.53 - gsmtp')
INFO:     127.0.0.1:58012 - "POST /alerts HTTP/1.1" 201 Created
Erreur envoi confirmation a hamza.chikhe50@gmail.com: (535, b'5.7.8 Username and Password not accepted. For more information, go to\n5.7.8  https://support.google.com/mail/?p=BadCredentials 4fb4d7f45d1cf-672c4d508e7sm6712948a12.20 - gsmtp')
INFO:     127.0.0.1:57838 - "POST /alerts HTTP/1.1" 201 Created
Erreur envoi confirmation a hamza.chikhe50@gmail.com: (535, b'5.7.8 Username and Password not accepted. For more information, go to\n5.7.8  https://support.google.com/mail/?p=BadCredentials 4fb4d7f45d1cf-672c4d5d8f9sm6760018a12.25 - gsmtp')
INFO:     127.0.0.1:64745 - "POST /alerts HTTP/1.1" 201 Created
Erreur envoi confirmation a hamza.chikhe50@gmail.com: (535, b'5.7.8 Username and Password not accepted. For more information, go to\n5.7.8  https://support.google.com/mail/?p=BadCredentials a640c23a62f3a-ba45504379bsm1104760566b.42 - gsmtp')
INFO:     127.0.0.1:55604 - "POST /alerts HTTP/1.1" 201 Created
Erreur envoi confirmation a hamza.chikhe50@gmail.com: (535, b'5.7.8 Username and Password not accepted. For more information, go to\n5.7.8  https://support.google.com/mail/?p=BadCredentials a640c23a62f3a-ba454d1bd24sm1081100866b.32 - gsmtp')
INFO:     127.0.0.1:51874 - "POST /alerts HTTP/1.1" 201 Created
INFO:     127.0.0.1:62210 - "OPTIONS /alerts HTTP/1.1" 200 OK
2026-04-27 12:43:13  INFO      app.crud  [alerts] Alerte créée id=25 user=hamza.chikhe50@gmail.com product=4306 cible=6000.0
2026-04-27 12:43:15  INFO      app.crud  [alerts] Alerte créée id=26 user=hamza.chikhe50@gmail.com product=4306 cible=6000.0
Erreur envoi confirmation a hamza.chikhe50@gmail.com: (535, b'5.7.8 Username and Password not accepted. For more information, go to\n5.7.8  https://support.google.com/mail/?p=BadCredentials a640c23a62f3a-ba454d1b908sm1114693966b.34 - gsmtp')
INFO:     127.0.0.1:62210 - "POST /alerts HTTP/1.1" 201 Created
Erreur envoi confirmation a hamza.chikhe50@gmail.com: (535, b'5.7.8 Username and Password not accepted. For more information, go to\n5.7.8  https://support.google.com/mail/?p=BadCredentials a640c23a62f3a-ba44e5749d9sm1122905966b.0 - gsmtp')
INFO:     127.0.0.1:58993 - "POST /alerts HTTP/1.1" 201 Created
INFO:     127.0.0.1:64483 - "OPTIONS /alerts HTTP/1.1" 200 OK
2026-04-27 13:00:04  INFO      app.crud  [alerts] Alerte créée id=27 user=hamza.chikhe50@gmail.com product=5324 cible=4000.0
2026-04-27 13:00:05  INFO      app.crud  [alerts] Alerte créée id=28 user=hamza.chikhe50@gmail.com product=5324 cible=4000.0
Erreur envoi confirmation a hamza.chikhe50@gmail.com: (535, b'5.7.8 Username and Password not accepted. For more information, go to\n5.7.8  https://support.google.com/mail/?p=BadCredentials 4fb4d7f45d1cf-672c4d51820sm7186775a12.22 - gsmtp')
INFO:     127.0.0.1:64483 - "POST /alerts HTTP/1.1" 201 Created
Erreur envoi confirmation a hamza.chikhe50@gmail.com: (535, b'5.7.8 Username and Password not accepted. For more information, go to\n5.7.8  https://support.google.com/mail/?p=BadCredentials a640c23a62f3a-ba455043cdbsm1115671966b.46 - gsmtp')
INFO:     127.0.0.1:63873 - "POST /alerts HTTP/1.1" 201 Created
INFO:     127.0.0.1:50394 - "OPTIONS /alerts HTTP/1.1" 200 OK
2026-04-27 14:11:54  INFO      app.crud  [alerts] Alerte créée id=29 user=hamza.chikhe50@gmail.com product=25110 cible=5000.0
Erreur envoi confirmation a hamza.chikhe50@gmail.com: (535, b'5.7.8 Username and Password not accepted. For more information, go to\n5.7.8  https://support.google.com/mail/?p=BadCredentials a640c23a62f3a-ba53297b1acsm1043089666b.53 - gsmtp')
INFO:     127.0.0.1:50394 - "POST /alerts HTTP/1.1" 201 Created
2026-04-27 14:14:17  INFO      app.crud  [alerts] Alerte créée id=30 user=1 product=24993 cible=4000.0
Erreur envoi confirmation a hamza.chikhe50@gmail.com: (535, b'5.7.8 Username and Password not accepted. For more information, go to\n5.7.8  https://support.google.com/mail/?p=BadCredentials 4fb4d7f45d1cf-67316a69a46sm6945812a12.1 - gsmtp')
INFO:     127.0.0.1:64109 - "POST /alerts HTTP/1.1" 201 Created
2026-04-27 14:16:09  INFO      app.crud  [alerts] Alerte créée id=31 user=6 product=7196 cible=6000.0
2026-04-27 14:16:11  INFO      app.crud  [alerts] Alerte créée id=32 user=6 product=7196 cible=6000.0
Erreur envoi confirmation a nour@gmail.com: (535, b'5.7.8 Username and Password not accepted. For more information, go to\n5.7.8  https://support.google.com/mail/?p=BadCredentials a640c23a62f3a-ba45121109csm1135508066b.6 - gsmtp')
INFO:     127.0.0.1:59061 - "POST /alerts HTTP/1.1" 201 Created
Erreur envoi confirmation a nour@gmail.com: (535, b'5.7.8 Username and Password not accepted. For more information, go to\n5.7.8  https://support.google.com/mail/?p=BadCredentials a640c23a62f3a-ba454d1bab1sm1086759966b.35 - gsmtp')
INFO:     127.0.0.1:56780 - "POST /alerts HTTP/1.1" 201 Created
INFO:     127.0.0.1:53058 - "OPTIONS /alerts HTTP/1.1" 200 OK
2026-04-27 14:24:30  INFO      app.crud  [alerts] Alerte créée id=33 user=1 product=4858 cible=2100.0
Erreur envoi confirmation a hamza.chikhe50@gmail.com: (535, b'5.7.8 Username and Password not accepted. For more information, go to\n5.7.8  https://support.google.com/mail/?p=BadCredentials 4fb4d7f45d1cf-673032b9e83sm6917488a12.4 - gsmtp')
INFO:     127.0.0.1:53058 - "POST /alerts HTTP/1.1" 201 Created
2026-04-27 14:31:44  INFO      app.crud  [alerts] Alerte créée id=34 user=1 product=4858 cible=10000.0
Erreur envoi confirmation a hamza.chikhe50@gmail.com: (535, b'5.7.8 Username and Password not accepted. For more information, go to\n5.7.8  https://support.google.com/mail/?p=BadCredentials 4fb4d7f45d1cf-672c4d455e9sm7681002a12.14 - gsmtp')
INFO:     127.0.0.1:60777 - "POST /alerts HTTP/1.1" 201 Created
2026-04-27 14:33:37  INFO      app.crud  [alerts] Alerte créée id=35 user=1 product=4858 cible=10000.0
Erreur envoi confirmation a hamza.chikhe50@gmail.com: (535, b'5.7.8 Username and Password not accepted. For more information, go to\n5.7.8  https://support.google.com/mail/?p=BadCredentials a640c23a62f3a-ba451210e1bsm1107257866b.3 - gsmtp')
INFO:     127.0.0.1:50284 - "POST /alerts HTTP/1.1" 201 Created
INFO:     Started server process [28524]
INFO:     Waiting for application startup.
2026-04-27 14:36:12  INFO      app.main  Service 3 – Alertes de Prix démarré
2026-04-27 14:36:12  INFO      app.database  [DB] Table 'alerts' vérifiée/créée
2026-04-27 14:36:12  INFO      app.database  [DB] Connexion OK — 57769 produits trouvés dans la DB partagée
2026-04-27 14:36:12  INFO      apscheduler.scheduler  Adding job tentatively -- it will be properly scheduled when the scheduler starts
2026-04-27 14:36:12  INFO      apscheduler.scheduler  Added job "_start_scheduler.<locals>.job_verifier" to job store "default"
2026-04-27 14:36:12  INFO      apscheduler.scheduler  Scheduler started
2026-04-27 14:36:12  INFO      app.main  [scheduler] Vérification alertes planifiée à 03:30
INFO:     Application startup complete.
INFO:     Uvicorn running on http://0.0.0.0:8003 (Press CTRL+C to quit)
INFO:     127.0.0.1:62187 - "OPTIONS /alerts HTTP/1.1" 200 OK
2026-04-27 14:36:19  INFO      app.crud  [alerts] Alerte créée id=36 user=1 product=4858 cible=100.0
Erreur envoi confirmation a hamza.chikhe50@gmail.com: (535, b'5.7.8 Username and Password not accepted. For more information, go to\n5.7.8  https://support.google.com/mail/?p=BadCredentials 4fb4d7f45d1cf-672c4d5d8f9sm6886547a12.25 - gsmtp')
INFO:     127.0.0.1:62187 - "POST /alerts HTTP/1.1" 201 Created
2026-04-27 14:37:59  INFO      app.crud  [alerts] Alerte créée id=37 user=1 product=4858 cible=9999.0
Erreur envoi confirmation a hamza.chikhe50@gmail.com: (535, b'5.7.8 Username and Password not accepted. For more information, go to\n5.7.8  https://support.google.com/mail/?p=BadCredentials a640c23a62f3a-ba451211091sm1179864066b.5 - gsmtp')
INFO:     127.0.0.1:51284 - "POST /alerts HTTP/1.1" 201 Created
INFO:     Started server process [27476]
INFO:     Waiting for application startup.
2026-04-27 14:41:24  INFO      app.main  Service 3 – Alertes de Prix démarré
2026-04-27 14:41:24  INFO      app.database  [DB] Table 'alerts' vérifiée/créée
2026-04-27 14:41:24  INFO      app.database  [DB] Connexion OK — 57769 produits trouvés dans la DB partagée
2026-04-27 14:41:24  INFO      apscheduler.scheduler  Adding job tentatively -- it will be properly scheduled when the scheduler starts
2026-04-27 14:41:24  INFO      apscheduler.scheduler  Added job "_start_scheduler.<locals>.job_verifier" to job store "default"
2026-04-27 14:41:24  INFO      apscheduler.scheduler  Scheduler started
2026-04-27 14:41:24  INFO      app.main  [scheduler] Vérification alertes planifiée à 03:30
INFO:     Application startup complete.
INFO:     Uvicorn running on http://0.0.0.0:8003 (Press CTRL+C to quit)
INFO:     127.0.0.1:52945 - "POST /alerts HTTP/1.1" 500 Internal Server Error
ERROR:    Exception in ASGI application
Traceback (most recent call last):
  File "c:\Users\Thinkbook\Desktop\comparateur_prix\Authentificationgmail\.venv\Lib\site-packages\uvicorn\protocols\http\httptools_impl.py", line 409, in run_asgi
    result = await app(  # type: ignore[func-returns-value]
             ^^^^^^^^^^^^^^^^^^^^^^^^^^^^^^^^^^^^^^^^^^^^^^
  File "c:\Users\Thinkbook\Desktop\comparateur_prix\Authentificationgmail\.venv\Lib\site-packages\uvicorn\middleware\proxy_headers.py", line 60, in __call__
    return await self.app(scope, receive, send)
           ^^^^^^^^^^^^^^^^^^^^^^^^^^^^^^^^^^^^
  File "c:\Users\Thinkbook\Desktop\comparateur_prix\Authentificationgmail\.venv\Lib\site-packages\fastapi\applications.py", line 1134, in __call__
    await super().__call__(scope, receive, send)
  File "c:\Users\Thinkbook\Desktop\comparateur_prix\Authentificationgmail\.venv\Lib\site-packages\starlette\applications.py", line 107, in __call__
    await self.middleware_stack(scope, receive, send)
  File "c:\Users\Thinkbook\Desktop\comparateur_prix\Authentificationgmail\.venv\Lib\site-packages\starlette\middleware\errors.py", line 186, in __call__
    raise exc
  File "c:\Users\Thinkbook\Desktop\comparateur_prix\Authentificationgmail\.venv\Lib\site-packages\starlette\middleware\errors.py", line 164, in __call__
    await self.app(scope, receive, _send)
  File "c:\Users\Thinkbook\Desktop\comparateur_prix\Authentificationgmail\.venv\Lib\site-packages\starlette\middleware\cors.py", line 93, in __call__
    await self.simple_response(scope, receive, send, request_headers=headers)
  File "c:\Users\Thinkbook\Desktop\comparateur_prix\Authentificationgmail\.venv\Lib\site-packages\starlette\middleware\cors.py", line 144, in simple_response
    await self.app(scope, receive, send)
  File "c:\Users\Thinkbook\Desktop\comparateur_prix\Authentificationgmail\.venv\Lib\site-packages\starlette\middleware\exceptions.py", line 63, in __call__
    await wrap_app_handling_exceptions(self.app, conn)(scope, receive, send)
  File "c:\Users\Thinkbook\Desktop\comparateur_prix\Authentificationgmail\.venv\Lib\site-packages\starlette\_exception_handler.py", line 53, in wrapped_app
    raise exc
  File "c:\Users\Thinkbook\Desktop\comparateur_prix\Authentificationgmail\.venv\Lib\site-packages\starlette\_exception_handler.py", line 42, in wrapped_app
    await app(scope, receive, sender)
  File "c:\Users\Thinkbook\Desktop\comparateur_prix\Authentificationgmail\.venv\Lib\site-packages\fastapi\middleware\asyncexitstack.py", line 18, in __call__
    await self.app(scope, receive, send)
  File "c:\Users\Thinkbook\Desktop\comparateur_prix\Authentificationgmail\.venv\Lib\site-packages\starlette\routing.py", line 716, in __call__
    await self.middleware_stack(scope, receive, send)
  File "c:\Users\Thinkbook\Desktop\comparateur_prix\Authentificationgmail\.venv\Lib\site-packages\starlette\routing.py", line 736, in app
    await route.handle(scope, receive, send)
  File "c:\Users\Thinkbook\Desktop\comparateur_prix\Authentificationgmail\.venv\Lib\site-packages\starlette\routing.py", line 290, in handle
    await self.app(scope, receive, send)
  File "c:\Users\Thinkbook\Desktop\comparateur_prix\Authentificationgmail\.venv\Lib\site-packages\fastapi\routing.py", line 125, in app
    await wrap_app_handling_exceptions(app, request)(scope, receive, send)
  File "c:\Users\Thinkbook\Desktop\comparateur_prix\Authentificationgmail\.venv\Lib\site-packages\starlette\_exception_handler.py", line 53, in wrapped_app
    raise exc
  File "c:\Users\Thinkbook\Desktop\comparateur_prix\Authentificationgmail\.venv\Lib\site-packages\starlette\_exception_handler.py", line 42, in wrapped_app
    await app(scope, receive, sender)
  File "c:\Users\Thinkbook\Desktop\comparateur_prix\Authentificationgmail\.venv\Lib\site-packages\fastapi\routing.py", line 111, in app
    response = await f(request)
               ^^^^^^^^^^^^^^^^
  File "c:\Users\Thinkbook\Desktop\comparateur_prix\Authentificationgmail\.venv\Lib\site-packages\fastapi\routing.py", line 391, in app
    raw_response = await run_endpoint_function(
                   ^^^^^^^^^^^^^^^^^^^^^^^^^^^^
  File "c:\Users\Thinkbook\Desktop\comparateur_prix\Authentificationgmail\.venv\Lib\site-packages\fastapi\routing.py", line 292, in run_endpoint_function
    return await run_in_threadpool(dependant.call, **values)
           ^^^^^^^^^^^^^^^^^^^^^^^^^^^^^^^^^^^^^^^^^^^^^^^^^
  File "c:\Users\Thinkbook\Desktop\comparateur_prix\Authentificationgmail\.venv\Lib\site-packages\starlette\concurrency.py", line 32, in run_in_threadpool
    return await anyio.to_thread.run_sync(func)
           ^^^^^^^^^^^^^^^^^^^^^^^^^^^^^^^^^^^^
  File "c:\Users\Thinkbook\Desktop\comparateur_prix\Authentificationgmail\.venv\Lib\site-packages\anyio\to_thread.py", line 56, in run_sync
    return await get_async_backend().run_sync_in_worker_thread(
           ^^^^^^^^^^^^^^^^^^^^^^^^^^^^^^^^^^^^^^^^^^^^^^^^^^^^
  File "c:\Users\Thinkbook\Desktop\comparateur_prix\Authentificationgmail\.venv\Lib\site-packages\anyio\_backends\_asyncio.py", line 2485, in run_sync_in_worker_thread
    return await future
           ^^^^^^^^^^^^
  File "c:\Users\Thinkbook\Desktop\comparateur_prix\Authentificationgmail\.venv\Lib\site-packages\anyio\_backends\_asyncio.py", line 976, in run
    result = context.run(func, *args)
             ^^^^^^^^^^^^^^^^^^^^^^^^
  File "c:\Users\Thinkbook\Desktop\comparateur_prix\Authentificationgmail\backend\microservices\service3-alerts\app\main.py", line 164, in creer_alerte
    alerte = crud.creer_alerte(
             ^^^^^^^^^^^^^^^^^^
TypeError: creer_alerte() got an unexpected keyword argument 'prix_actuel'
INFO:     127.0.0.1:52576 - "POST /alerts HTTP/1.1" 500 Internal Server Error
ERROR:    Exception in ASGI application
Traceback (most recent call last):
  File "c:\Users\Thinkbook\Desktop\comparateur_prix\Authentificationgmail\.venv\Lib\site-packages\uvicorn\protocols\http\httptools_impl.py", line 409, in run_asgi
    result = await app(  # type: ignore[func-returns-value]
             ^^^^^^^^^^^^^^^^^^^^^^^^^^^^^^^^^^^^^^^^^^^^^^
  File "c:\Users\Thinkbook\Desktop\comparateur_prix\Authentificationgmail\.venv\Lib\site-packages\uvicorn\middleware\proxy_headers.py", line 60, in __call__
    return await self.app(scope, receive, send)
           ^^^^^^^^^^^^^^^^^^^^^^^^^^^^^^^^^^^^
  File "c:\Users\Thinkbook\Desktop\comparateur_prix\Authentificationgmail\.venv\Lib\site-packages\fastapi\applications.py", line 1134, in __call__
    await super().__call__(scope, receive, send)
  File "c:\Users\Thinkbook\Desktop\comparateur_prix\Authentificationgmail\.venv\Lib\site-packages\starlette\applications.py", line 107, in __call__
    await self.middleware_stack(scope, receive, send)
  File "c:\Users\Thinkbook\Desktop\comparateur_prix\Authentificationgmail\.venv\Lib\site-packages\starlette\middleware\errors.py", line 186, in __call__
    raise exc
  File "c:\Users\Thinkbook\Desktop\comparateur_prix\Authentificationgmail\.venv\Lib\site-packages\starlette\middleware\errors.py", line 164, in __call__
    await self.app(scope, receive, _send)
  File "c:\Users\Thinkbook\Desktop\comparateur_prix\Authentificationgmail\.venv\Lib\site-packages\starlette\middleware\cors.py", line 93, in __call__
    await self.simple_response(scope, receive, send, request_headers=headers)
  File "c:\Users\Thinkbook\Desktop\comparateur_prix\Authentificationgmail\.venv\Lib\site-packages\starlette\middleware\cors.py", line 144, in simple_response
    await self.app(scope, receive, send)
  File "c:\Users\Thinkbook\Desktop\comparateur_prix\Authentificationgmail\.venv\Lib\site-packages\starlette\middleware\exceptions.py", line 63, in __call__
    await wrap_app_handling_exceptions(self.app, conn)(scope, receive, send)
  File "c:\Users\Thinkbook\Desktop\comparateur_prix\Authentificationgmail\.venv\Lib\site-packages\starlette\_exception_handler.py", line 53, in wrapped_app
    raise exc
  File "c:\Users\Thinkbook\Desktop\comparateur_prix\Authentificationgmail\.venv\Lib\site-packages\starlette\_exception_handler.py", line 42, in wrapped_app
    await app(scope, receive, sender)
  File "c:\Users\Thinkbook\Desktop\comparateur_prix\Authentificationgmail\.venv\Lib\site-packages\fastapi\middleware\asyncexitstack.py", line 18, in __call__
    await self.app(scope, receive, send)
  File "c:\Users\Thinkbook\Desktop\comparateur_prix\Authentificationgmail\.venv\Lib\site-packages\starlette\routing.py", line 716, in __call__
    await self.middleware_stack(scope, receive, send)
  File "c:\Users\Thinkbook\Desktop\comparateur_prix\Authentificationgmail\.venv\Lib\site-packages\starlette\routing.py", line 736, in app
    await route.handle(scope, receive, send)
  File "c:\Users\Thinkbook\Desktop\comparateur_prix\Authentificationgmail\.venv\Lib\site-packages\starlette\routing.py", line 290, in handle
    await self.app(scope, receive, send)
  File "c:\Users\Thinkbook\Desktop\comparateur_prix\Authentificationgmail\.venv\Lib\site-packages\fastapi\routing.py", line 125, in app
    await wrap_app_handling_exceptions(app, request)(scope, receive, send)
  File "c:\Users\Thinkbook\Desktop\comparateur_prix\Authentificationgmail\.venv\Lib\site-packages\starlette\_exception_handler.py", line 53, in wrapped_app
    raise exc
  File "c:\Users\Thinkbook\Desktop\comparateur_prix\Authentificationgmail\.venv\Lib\site-packages\starlette\_exception_handler.py", line 42, in wrapped_app
    await app(scope, receive, sender)
  File "c:\Users\Thinkbook\Desktop\comparateur_prix\Authentificationgmail\.venv\Lib\site-packages\fastapi\routing.py", line 111, in app
    response = await f(request)
               ^^^^^^^^^^^^^^^^
  File "c:\Users\Thinkbook\Desktop\comparateur_prix\Authentificationgmail\.venv\Lib\site-packages\fastapi\routing.py", line 391, in app
    raw_response = await run_endpoint_function(
                   ^^^^^^^^^^^^^^^^^^^^^^^^^^^^
  File "c:\Users\Thinkbook\Desktop\comparateur_prix\Authentificationgmail\.venv\Lib\site-packages\fastapi\routing.py", line 292, in run_endpoint_function
    return await run_in_threadpool(dependant.call, **values)
           ^^^^^^^^^^^^^^^^^^^^^^^^^^^^^^^^^^^^^^^^^^^^^^^^^
  File "c:\Users\Thinkbook\Desktop\comparateur_prix\Authentificationgmail\.venv\Lib\site-packages\starlette\concurrency.py", line 32, in run_in_threadpool
    return await anyio.to_thread.run_sync(func)
           ^^^^^^^^^^^^^^^^^^^^^^^^^^^^^^^^^^^^
  File "c:\Users\Thinkbook\Desktop\comparateur_prix\Authentificationgmail\.venv\Lib\site-packages\anyio\to_thread.py", line 56, in run_sync
    return await get_async_backend().run_sync_in_worker_thread(
           ^^^^^^^^^^^^^^^^^^^^^^^^^^^^^^^^^^^^^^^^^^^^^^^^^^^^
  File "c:\Users\Thinkbook\Desktop\comparateur_prix\Authentificationgmail\.venv\Lib\site-packages\anyio\_backends\_asyncio.py", line 2485, in run_sync_in_worker_thread
    return await future
           ^^^^^^^^^^^^
  File "c:\Users\Thinkbook\Desktop\comparateur_prix\Authentificationgmail\.venv\Lib\site-packages\anyio\_backends\_asyncio.py", line 976, in run
    result = context.run(func, *args)
             ^^^^^^^^^^^^^^^^^^^^^^^^
  File "c:\Users\Thinkbook\Desktop\comparateur_prix\Authentificationgmail\backend\microservices\service3-alerts\app\main.py", line 164, in creer_alerte
    alerte = crud.creer_alerte(
             ^^^^^^^^^^^^^^^^^^
TypeError: creer_alerte() got an unexpected keyword argument 'prix_actuel'
INFO:     127.0.0.1:50783 - "POST /alerts HTTP/1.1" 500 Internal Server Error
ERROR:    Exception in ASGI application
Traceback (most recent call last):
  File "c:\Users\Thinkbook\Desktop\comparateur_prix\Authentificationgmail\.venv\Lib\site-packages\uvicorn\protocols\http\httptools_impl.py", line 409, in run_asgi
    result = await app(  # type: ignore[func-returns-value]
             ^^^^^^^^^^^^^^^^^^^^^^^^^^^^^^^^^^^^^^^^^^^^^^
  File "c:\Users\Thinkbook\Desktop\comparateur_prix\Authentificationgmail\.venv\Lib\site-packages\uvicorn\middleware\proxy_headers.py", line 60, in __call__
    return await self.app(scope, receive, send)
           ^^^^^^^^^^^^^^^^^^^^^^^^^^^^^^^^^^^^
  File "c:\Users\Thinkbook\Desktop\comparateur_prix\Authentificationgmail\.venv\Lib\site-packages\fastapi\applications.py", line 1134, in __call__
    await super().__call__(scope, receive, send)
  File "c:\Users\Thinkbook\Desktop\comparateur_prix\Authentificationgmail\.venv\Lib\site-packages\starlette\applications.py", line 107, in __call__
    await self.middleware_stack(scope, receive, send)
  File "c:\Users\Thinkbook\Desktop\comparateur_prix\Authentificationgmail\.venv\Lib\site-packages\starlette\middleware\errors.py", line 186, in __call__
    raise exc
  File "c:\Users\Thinkbook\Desktop\comparateur_prix\Authentificationgmail\.venv\Lib\site-packages\starlette\middleware\errors.py", line 164, in __call__
    await self.app(scope, receive, _send)
  File "c:\Users\Thinkbook\Desktop\comparateur_prix\Authentificationgmail\.venv\Lib\site-packages\starlette\middleware\cors.py", line 93, in __call__
    await self.simple_response(scope, receive, send, request_headers=headers)
  File "c:\Users\Thinkbook\Desktop\comparateur_prix\Authentificationgmail\.venv\Lib\site-packages\starlette\middleware\cors.py", line 144, in simple_response
    await self.app(scope, receive, send)
  File "c:\Users\Thinkbook\Desktop\comparateur_prix\Authentificationgmail\.venv\Lib\site-packages\starlette\middleware\exceptions.py", line 63, in __call__
    await wrap_app_handling_exceptions(self.app, conn)(scope, receive, send)
  File "c:\Users\Thinkbook\Desktop\comparateur_prix\Authentificationgmail\.venv\Lib\site-packages\starlette\_exception_handler.py", line 53, in wrapped_app
    raise exc
  File "c:\Users\Thinkbook\Desktop\comparateur_prix\Authentificationgmail\.venv\Lib\site-packages\starlette\_exception_handler.py", line 42, in wrapped_app
    await app(scope, receive, sender)
  File "c:\Users\Thinkbook\Desktop\comparateur_prix\Authentificationgmail\.venv\Lib\site-packages\fastapi\middleware\asyncexitstack.py", line 18, in __call__
    await self.app(scope, receive, send)
  File "c:\Users\Thinkbook\Desktop\comparateur_prix\Authentificationgmail\.venv\Lib\site-packages\starlette\routing.py", line 716, in __call__
    await self.middleware_stack(scope, receive, send)
  File "c:\Users\Thinkbook\Desktop\comparateur_prix\Authentificationgmail\.venv\Lib\site-packages\starlette\routing.py", line 736, in app
    await route.handle(scope, receive, send)
  File "c:\Users\Thinkbook\Desktop\comparateur_prix\Authentificationgmail\.venv\Lib\site-packages\starlette\routing.py", line 290, in handle
    await self.app(scope, receive, send)
  File "c:\Users\Thinkbook\Desktop\comparateur_prix\Authentificationgmail\.venv\Lib\site-packages\fastapi\routing.py", line 125, in app
    await wrap_app_handling_exceptions(app, request)(scope, receive, send)
  File "c:\Users\Thinkbook\Desktop\comparateur_prix\Authentificationgmail\.venv\Lib\site-packages\starlette\_exception_handler.py", line 53, in wrapped_app
    raise exc
  File "c:\Users\Thinkbook\Desktop\comparateur_prix\Authentificationgmail\.venv\Lib\site-packages\starlette\_exception_handler.py", line 42, in wrapped_app
    await app(scope, receive, sender)
  File "c:\Users\Thinkbook\Desktop\comparateur_prix\Authentificationgmail\.venv\Lib\site-packages\fastapi\routing.py", line 111, in app
    response = await f(request)
               ^^^^^^^^^^^^^^^^
  File "c:\Users\Thinkbook\Desktop\comparateur_prix\Authentificationgmail\.venv\Lib\site-packages\fastapi\routing.py", line 391, in app
    raw_response = await run_endpoint_function(
                   ^^^^^^^^^^^^^^^^^^^^^^^^^^^^
  File "c:\Users\Thinkbook\Desktop\comparateur_prix\Authentificationgmail\.venv\Lib\site-packages\fastapi\routing.py", line 292, in run_endpoint_function
    return await run_in_threadpool(dependant.call, **values)
           ^^^^^^^^^^^^^^^^^^^^^^^^^^^^^^^^^^^^^^^^^^^^^^^^^
  File "c:\Users\Thinkbook\Desktop\comparateur_prix\Authentificationgmail\.venv\Lib\site-packages\starlette\concurrency.py", line 32, in run_in_threadpool
    return await anyio.to_thread.run_sync(func)
           ^^^^^^^^^^^^^^^^^^^^^^^^^^^^^^^^^^^^
  File "c:\Users\Thinkbook\Desktop\comparateur_prix\Authentificationgmail\.venv\Lib\site-packages\anyio\to_thread.py", line 56, in run_sync
    return await get_async_backend().run_sync_in_worker_thread(
           ^^^^^^^^^^^^^^^^^^^^^^^^^^^^^^^^^^^^^^^^^^^^^^^^^^^^
  File "c:\Users\Thinkbook\Desktop\comparateur_prix\Authentificationgmail\.venv\Lib\site-packages\anyio\_backends\_asyncio.py", line 2485, in run_sync_in_worker_thread
    return await future
           ^^^^^^^^^^^^
  File "c:\Users\Thinkbook\Desktop\comparateur_prix\Authentificationgmail\.venv\Lib\site-packages\anyio\_backends\_asyncio.py", line 976, in run
    result = context.run(func, *args)
             ^^^^^^^^^^^^^^^^^^^^^^^^
  File "c:\Users\Thinkbook\Desktop\comparateur_prix\Authentificationgmail\backend\microservices\service3-alerts\app\main.py", line 164, in creer_alerte
    alerte = crud.creer_alerte(
             ^^^^^^^^^^^^^^^^^^
TypeError: creer_alerte() got an unexpected keyword argument 'prix_actuel'
INFO:     127.0.0.1:54154 - "POST /alerts HTTP/1.1" 500 Internal Server Error
ERROR:    Exception in ASGI application
Traceback (most recent call last):
  File "c:\Users\Thinkbook\Desktop\comparateur_prix\Authentificationgmail\.venv\Lib\site-packages\uvicorn\protocols\http\httptools_impl.py", line 409, in run_asgi
    result = await app(  # type: ignore[func-returns-value]
             ^^^^^^^^^^^^^^^^^^^^^^^^^^^^^^^^^^^^^^^^^^^^^^
  File "c:\Users\Thinkbook\Desktop\comparateur_prix\Authentificationgmail\.venv\Lib\site-packages\uvicorn\middleware\proxy_headers.py", line 60, in __call__
    return await self.app(scope, receive, send)
           ^^^^^^^^^^^^^^^^^^^^^^^^^^^^^^^^^^^^
  File "c:\Users\Thinkbook\Desktop\comparateur_prix\Authentificationgmail\.venv\Lib\site-packages\fastapi\applications.py", line 1134, in __call__
    await super().__call__(scope, receive, send)
  File "c:\Users\Thinkbook\Desktop\comparateur_prix\Authentificationgmail\.venv\Lib\site-packages\starlette\applications.py", line 107, in __call__
    await self.middleware_stack(scope, receive, send)
  File "c:\Users\Thinkbook\Desktop\comparateur_prix\Authentificationgmail\.venv\Lib\site-packages\starlette\middleware\errors.py", line 186, in __call__
    raise exc
  File "c:\Users\Thinkbook\Desktop\comparateur_prix\Authentificationgmail\.venv\Lib\site-packages\starlette\middleware\errors.py", line 164, in __call__
    await self.app(scope, receive, _send)
  File "c:\Users\Thinkbook\Desktop\comparateur_prix\Authentificationgmail\.venv\Lib\site-packages\starlette\middleware\cors.py", line 93, in __call__
    await self.simple_response(scope, receive, send, request_headers=headers)
  File "c:\Users\Thinkbook\Desktop\comparateur_prix\Authentificationgmail\.venv\Lib\site-packages\starlette\middleware\cors.py", line 144, in simple_response
    await self.app(scope, receive, send)
  File "c:\Users\Thinkbook\Desktop\comparateur_prix\Authentificationgmail\.venv\Lib\site-packages\starlette\middleware\exceptions.py", line 63, in __call__
    await wrap_app_handling_exceptions(self.app, conn)(scope, receive, send)
  File "c:\Users\Thinkbook\Desktop\comparateur_prix\Authentificationgmail\.venv\Lib\site-packages\starlette\_exception_handler.py", line 53, in wrapped_app
    raise exc
  File "c:\Users\Thinkbook\Desktop\comparateur_prix\Authentificationgmail\.venv\Lib\site-packages\starlette\_exception_handler.py", line 42, in wrapped_app
    await app(scope, receive, sender)
  File "c:\Users\Thinkbook\Desktop\comparateur_prix\Authentificationgmail\.venv\Lib\site-packages\fastapi\middleware\asyncexitstack.py", line 18, in __call__
    await self.app(scope, receive, send)
  File "c:\Users\Thinkbook\Desktop\comparateur_prix\Authentificationgmail\.venv\Lib\site-packages\starlette\routing.py", line 716, in __call__
    await self.middleware_stack(scope, receive, send)
  File "c:\Users\Thinkbook\Desktop\comparateur_prix\Authentificationgmail\.venv\Lib\site-packages\starlette\routing.py", line 736, in app
    await route.handle(scope, receive, send)
  File "c:\Users\Thinkbook\Desktop\comparateur_prix\Authentificationgmail\.venv\Lib\site-packages\starlette\routing.py", line 290, in handle
    await self.app(scope, receive, send)
  File "c:\Users\Thinkbook\Desktop\comparateur_prix\Authentificationgmail\.venv\Lib\site-packages\fastapi\routing.py", line 125, in app
    await wrap_app_handling_exceptions(app, request)(scope, receive, send)
  File "c:\Users\Thinkbook\Desktop\comparateur_prix\Authentificationgmail\.venv\Lib\site-packages\starlette\_exception_handler.py", line 53, in wrapped_app
    raise exc
  File "c:\Users\Thinkbook\Desktop\comparateur_prix\Authentificationgmail\.venv\Lib\site-packages\starlette\_exception_handler.py", line 42, in wrapped_app
    await app(scope, receive, sender)
  File "c:\Users\Thinkbook\Desktop\comparateur_prix\Authentificationgmail\.venv\Lib\site-packages\fastapi\routing.py", line 111, in app
    response = await f(request)
               ^^^^^^^^^^^^^^^^
  File "c:\Users\Thinkbook\Desktop\comparateur_prix\Authentificationgmail\.venv\Lib\site-packages\fastapi\routing.py", line 391, in app
    raw_response = await run_endpoint_function(
                   ^^^^^^^^^^^^^^^^^^^^^^^^^^^^
  File "c:\Users\Thinkbook\Desktop\comparateur_prix\Authentificationgmail\.venv\Lib\site-packages\fastapi\routing.py", line 292, in run_endpoint_function
    return await run_in_threadpool(dependant.call, **values)
           ^^^^^^^^^^^^^^^^^^^^^^^^^^^^^^^^^^^^^^^^^^^^^^^^^
  File "c:\Users\Thinkbook\Desktop\comparateur_prix\Authentificationgmail\.venv\Lib\site-packages\starlette\concurrency.py", line 32, in run_in_threadpool
    return await anyio.to_thread.run_sync(func)
           ^^^^^^^^^^^^^^^^^^^^^^^^^^^^^^^^^^^^
  File "c:\Users\Thinkbook\Desktop\comparateur_prix\Authentificationgmail\.venv\Lib\site-packages\anyio\to_thread.py", line 56, in run_sync
    return await get_async_backend().run_sync_in_worker_thread(
           ^^^^^^^^^^^^^^^^^^^^^^^^^^^^^^^^^^^^^^^^^^^^^^^^^^^^
  File "c:\Users\Thinkbook\Desktop\comparateur_prix\Authentificationgmail\.venv\Lib\site-packages\anyio\_backends\_asyncio.py", line 2485, in run_sync_in_worker_thread
    return await future
           ^^^^^^^^^^^^
  File "c:\Users\Thinkbook\Desktop\comparateur_prix\Authentificationgmail\.venv\Lib\site-packages\anyio\_backends\_asyncio.py", line 976, in run
    result = context.run(func, *args)
             ^^^^^^^^^^^^^^^^^^^^^^^^
  File "c:\Users\Thinkbook\Desktop\comparateur_prix\Authentificationgmail\backend\microservices\service3-alerts\app\main.py", line 164, in creer_alerte
    alerte = crud.creer_alerte(
             ^^^^^^^^^^^^^^^^^^
TypeError: creer_alerte() got an unexpected keyword argument 'prix_actuel'
INFO:     Started server process [21320]
INFO:     Waiting for application startup.
2026-04-27 14:49:25  INFO      app.main  Service 3 – Alertes de Prix démarré
2026-04-27 14:49:25  INFO      app.database  [DB] Table 'alerts' vérifiée/créée
2026-04-27 14:49:25  INFO      app.database  [DB] Connexion OK — 57769 produits trouvés dans la DB partagée
2026-04-27 14:49:25  INFO      apscheduler.scheduler  Adding job tentatively -- it will be properly scheduled when the scheduler starts
2026-04-27 14:49:25  INFO      apscheduler.scheduler  Added job "_start_scheduler.<locals>.job_verifier" to job store "default"
2026-04-27 14:49:25  INFO      apscheduler.scheduler  Scheduler started
2026-04-27 14:49:25  INFO      app.main  [scheduler] Vérification alertes planifiée à 03:30
INFO:     Application startup complete.
INFO:     Uvicorn running on http://0.0.0.0:8003 (Press CTRL+C to quit)
INFO:     127.0.0.1:61558 - "OPTIONS /alerts HTTP/1.1" 200 OK
INFO:     127.0.0.1:61558 - "POST /alerts HTTP/1.1" 500 Internal Server Error
ERROR:    Exception in ASGI application
Traceback (most recent call last):
  File "c:\Users\Thinkbook\Desktop\comparateur_prix\Authentificationgmail\.venv\Lib\site-packages\uvicorn\protocols\http\httptools_impl.py", line 409, in run_asgi
    result = await app(  # type: ignore[func-returns-value]
             ^^^^^^^^^^^^^^^^^^^^^^^^^^^^^^^^^^^^^^^^^^^^^^
  File "c:\Users\Thinkbook\Desktop\comparateur_prix\Authentificationgmail\.venv\Lib\site-packages\uvicorn\middleware\proxy_headers.py", line 60, in __call__
    return await self.app(scope, receive, send)
           ^^^^^^^^^^^^^^^^^^^^^^^^^^^^^^^^^^^^
  File "c:\Users\Thinkbook\Desktop\comparateur_prix\Authentificationgmail\.venv\Lib\site-packages\fastapi\applications.py", line 1134, in __call__
    await super().__call__(scope, receive, send)
  File "c:\Users\Thinkbook\Desktop\comparateur_prix\Authentificationgmail\.venv\Lib\site-packages\starlette\applications.py", line 107, in __call__
    await self.middleware_stack(scope, receive, send)
  File "c:\Users\Thinkbook\Desktop\comparateur_prix\Authentificationgmail\.venv\Lib\site-packages\starlette\middleware\errors.py", line 186, in __call__
    raise exc
  File "c:\Users\Thinkbook\Desktop\comparateur_prix\Authentificationgmail\.venv\Lib\site-packages\starlette\middleware\errors.py", line 164, in __call__
    await self.app(scope, receive, _send)
  File "c:\Users\Thinkbook\Desktop\comparateur_prix\Authentificationgmail\.venv\Lib\site-packages\starlette\middleware\cors.py", line 93, in __call__
    await self.simple_response(scope, receive, send, request_headers=headers)
  File "c:\Users\Thinkbook\Desktop\comparateur_prix\Authentificationgmail\.venv\Lib\site-packages\starlette\middleware\cors.py", line 144, in simple_response
    await self.app(scope, receive, send)
  File "c:\Users\Thinkbook\Desktop\comparateur_prix\Authentificationgmail\.venv\Lib\site-packages\starlette\middleware\exceptions.py", line 63, in __call__
    await wrap_app_handling_exceptions(self.app, conn)(scope, receive, send)
  File "c:\Users\Thinkbook\Desktop\comparateur_prix\Authentificationgmail\.venv\Lib\site-packages\starlette\_exception_handler.py", line 53, in wrapped_app
    raise exc
  File "c:\Users\Thinkbook\Desktop\comparateur_prix\Authentificationgmail\.venv\Lib\site-packages\starlette\_exception_handler.py", line 42, in wrapped_app
    await app(scope, receive, sender)
  File "c:\Users\Thinkbook\Desktop\comparateur_prix\Authentificationgmail\.venv\Lib\site-packages\fastapi\middleware\asyncexitstack.py", line 18, in __call__
    await self.app(scope, receive, send)
  File "c:\Users\Thinkbook\Desktop\comparateur_prix\Authentificationgmail\.venv\Lib\site-packages\starlette\routing.py", line 716, in __call__
    await self.middleware_stack(scope, receive, send)
  File "c:\Users\Thinkbook\Desktop\comparateur_prix\Authentificationgmail\.venv\Lib\site-packages\starlette\routing.py", line 736, in app
    await route.handle(scope, receive, send)
  File "c:\Users\Thinkbook\Desktop\comparateur_prix\Authentificationgmail\.venv\Lib\site-packages\starlette\routing.py", line 290, in handle
    await self.app(scope, receive, send)
  File "c:\Users\Thinkbook\Desktop\comparateur_prix\Authentificationgmail\.venv\Lib\site-packages\fastapi\routing.py", line 125, in app
    await wrap_app_handling_exceptions(app, request)(scope, receive, send)
  File "c:\Users\Thinkbook\Desktop\comparateur_prix\Authentificationgmail\.venv\Lib\site-packages\starlette\_exception_handler.py", line 53, in wrapped_app
    raise exc
  File "c:\Users\Thinkbook\Desktop\comparateur_prix\Authentificationgmail\.venv\Lib\site-packages\starlette\_exception_handler.py", line 42, in wrapped_app
    await app(scope, receive, sender)
  File "c:\Users\Thinkbook\Desktop\comparateur_prix\Authentificationgmail\.venv\Lib\site-packages\fastapi\routing.py", line 111, in app
    response = await f(request)
               ^^^^^^^^^^^^^^^^
  File "c:\Users\Thinkbook\Desktop\comparateur_prix\Authentificationgmail\.venv\Lib\site-packages\fastapi\routing.py", line 391, in app
    raw_response = await run_endpoint_function(
                   ^^^^^^^^^^^^^^^^^^^^^^^^^^^^
  File "c:\Users\Thinkbook\Desktop\comparateur_prix\Authentificationgmail\.venv\Lib\site-packages\fastapi\routing.py", line 292, in run_endpoint_function
    return await run_in_threadpool(dependant.call, **values)
           ^^^^^^^^^^^^^^^^^^^^^^^^^^^^^^^^^^^^^^^^^^^^^^^^^
  File "c:\Users\Thinkbook\Desktop\comparateur_prix\Authentificationgmail\.venv\Lib\site-packages\starlette\concurrency.py", line 32, in run_in_threadpool
    return await anyio.to_thread.run_sync(func)
           ^^^^^^^^^^^^^^^^^^^^^^^^^^^^^^^^^^^^
  File "c:\Users\Thinkbook\Desktop\comparateur_prix\Authentificationgmail\.venv\Lib\site-packages\anyio\to_thread.py", line 56, in run_sync
    return await get_async_backend().run_sync_in_worker_thread(
           ^^^^^^^^^^^^^^^^^^^^^^^^^^^^^^^^^^^^^^^^^^^^^^^^^^^^
  File "c:\Users\Thinkbook\Desktop\comparateur_prix\Authentificationgmail\.venv\Lib\site-packages\anyio\_backends\_asyncio.py", line 2485, in run_sync_in_worker_thread
    return await future
           ^^^^^^^^^^^^
  File "c:\Users\Thinkbook\Desktop\comparateur_prix\Authentificationgmail\.venv\Lib\site-packages\anyio\_backends\_asyncio.py", line 976, in run
    result = context.run(func, *args)
             ^^^^^^^^^^^^^^^^^^^^^^^^
  File "c:\Users\Thinkbook\Desktop\comparateur_prix\Authentificationgmail\backend\microservices\service3-alerts\app\main.py", line 164, in creer_alerte
    alerte = crud.creer_alerte(
             ^^^^^^^^^^^^^^^^^^
TypeError: creer_alerte() got an unexpected keyword argument 'prix_actuel'
INFO:     127.0.0.1:62454 - "POST /alerts HTTP/1.1" 500 Internal Server Error
ERROR:    Exception in ASGI application
Traceback (most recent call last):
  File "c:\Users\Thinkbook\Desktop\comparateur_prix\Authentificationgmail\.venv\Lib\site-packages\uvicorn\protocols\http\httptools_impl.py", line 409, in run_asgi
    result = await app(  # type: ignore[func-returns-value]
             ^^^^^^^^^^^^^^^^^^^^^^^^^^^^^^^^^^^^^^^^^^^^^^
  File "c:\Users\Thinkbook\Desktop\comparateur_prix\Authentificationgmail\.venv\Lib\site-packages\uvicorn\middleware\proxy_headers.py", line 60, in __call__
    return await self.app(scope, receive, send)
           ^^^^^^^^^^^^^^^^^^^^^^^^^^^^^^^^^^^^
  File "c:\Users\Thinkbook\Desktop\comparateur_prix\Authentificationgmail\.venv\Lib\site-packages\fastapi\applications.py", line 1134, in __call__
    await super().__call__(scope, receive, send)
  File "c:\Users\Thinkbook\Desktop\comparateur_prix\Authentificationgmail\.venv\Lib\site-packages\starlette\applications.py", line 107, in __call__
    await self.middleware_stack(scope, receive, send)
  File "c:\Users\Thinkbook\Desktop\comparateur_prix\Authentificationgmail\.venv\Lib\site-packages\starlette\middleware\errors.py", line 186, in __call__
    raise exc
  File "c:\Users\Thinkbook\Desktop\comparateur_prix\Authentificationgmail\.venv\Lib\site-packages\starlette\middleware\errors.py", line 164, in __call__
    await self.app(scope, receive, _send)
  File "c:\Users\Thinkbook\Desktop\comparateur_prix\Authentificationgmail\.venv\Lib\site-packages\starlette\middleware\cors.py", line 93, in __call__
    await self.simple_response(scope, receive, send, request_headers=headers)
  File "c:\Users\Thinkbook\Desktop\comparateur_prix\Authentificationgmail\.venv\Lib\site-packages\starlette\middleware\cors.py", line 144, in simple_response
    await self.app(scope, receive, send)
  File "c:\Users\Thinkbook\Desktop\comparateur_prix\Authentificationgmail\.venv\Lib\site-packages\starlette\middleware\exceptions.py", line 63, in __call__
    await wrap_app_handling_exceptions(self.app, conn)(scope, receive, send)
  File "c:\Users\Thinkbook\Desktop\comparateur_prix\Authentificationgmail\.venv\Lib\site-packages\starlette\_exception_handler.py", line 53, in wrapped_app
    raise exc
  File "c:\Users\Thinkbook\Desktop\comparateur_prix\Authentificationgmail\.venv\Lib\site-packages\starlette\_exception_handler.py", line 42, in wrapped_app
    await app(scope, receive, sender)
  File "c:\Users\Thinkbook\Desktop\comparateur_prix\Authentificationgmail\.venv\Lib\site-packages\fastapi\middleware\asyncexitstack.py", line 18, in __call__
    await self.app(scope, receive, send)
  File "c:\Users\Thinkbook\Desktop\comparateur_prix\Authentificationgmail\.venv\Lib\site-packages\starlette\routing.py", line 716, in __call__
    await self.middleware_stack(scope, receive, send)
  File "c:\Users\Thinkbook\Desktop\comparateur_prix\Authentificationgmail\.venv\Lib\site-packages\starlette\routing.py", line 736, in app
    await route.handle(scope, receive, send)
  File "c:\Users\Thinkbook\Desktop\comparateur_prix\Authentificationgmail\.venv\Lib\site-packages\starlette\routing.py", line 290, in handle
    await self.app(scope, receive, send)
  File "c:\Users\Thinkbook\Desktop\comparateur_prix\Authentificationgmail\.venv\Lib\site-packages\fastapi\routing.py", line 125, in app
    await wrap_app_handling_exceptions(app, request)(scope, receive, send)
  File "c:\Users\Thinkbook\Desktop\comparateur_prix\Authentificationgmail\.venv\Lib\site-packages\starlette\_exception_handler.py", line 53, in wrapped_app
    raise exc
  File "c:\Users\Thinkbook\Desktop\comparateur_prix\Authentificationgmail\.venv\Lib\site-packages\starlette\_exception_handler.py", line 42, in wrapped_app
    await app(scope, receive, sender)
  File "c:\Users\Thinkbook\Desktop\comparateur_prix\Authentificationgmail\.venv\Lib\site-packages\fastapi\routing.py", line 111, in app
    response = await f(request)
               ^^^^^^^^^^^^^^^^
  File "c:\Users\Thinkbook\Desktop\comparateur_prix\Authentificationgmail\.venv\Lib\site-packages\fastapi\routing.py", line 391, in app
    raw_response = await run_endpoint_function(
                   ^^^^^^^^^^^^^^^^^^^^^^^^^^^^
  File "c:\Users\Thinkbook\Desktop\comparateur_prix\Authentificationgmail\.venv\Lib\site-packages\fastapi\routing.py", line 292, in run_endpoint_function
    return await run_in_threadpool(dependant.call, **values)
           ^^^^^^^^^^^^^^^^^^^^^^^^^^^^^^^^^^^^^^^^^^^^^^^^^
  File "c:\Users\Thinkbook\Desktop\comparateur_prix\Authentificationgmail\.venv\Lib\site-packages\starlette\concurrency.py", line 32, in run_in_threadpool
    return await anyio.to_thread.run_sync(func)
           ^^^^^^^^^^^^^^^^^^^^^^^^^^^^^^^^^^^^
  File "c:\Users\Thinkbook\Desktop\comparateur_prix\Authentificationgmail\.venv\Lib\site-packages\anyio\to_thread.py", line 56, in run_sync
    return await get_async_backend().run_sync_in_worker_thread(
           ^^^^^^^^^^^^^^^^^^^^^^^^^^^^^^^^^^^^^^^^^^^^^^^^^^^^
  File "c:\Users\Thinkbook\Desktop\comparateur_prix\Authentificationgmail\.venv\Lib\site-packages\anyio\_backends\_asyncio.py", line 2485, in run_sync_in_worker_thread
    return await future
           ^^^^^^^^^^^^
  File "c:\Users\Thinkbook\Desktop\comparateur_prix\Authentificationgmail\.venv\Lib\site-packages\anyio\_backends\_asyncio.py", line 976, in run
    result = context.run(func, *args)
             ^^^^^^^^^^^^^^^^^^^^^^^^
  File "c:\Users\Thinkbook\Desktop\comparateur_prix\Authentificationgmail\backend\microservices\service3-alerts\app\main.py", line 164, in creer_alerte
    alerte = crud.creer_alerte(
             ^^^^^^^^^^^^^^^^^^
TypeError: creer_alerte() got an unexpected keyword argument 'prix_actuel'
INFO:     127.0.0.1:60525 - "POST /alerts HTTP/1.1" 500 Internal Server Error
ERROR:    Exception in ASGI application
Traceback (most recent call last):
  File "c:\Users\Thinkbook\Desktop\comparateur_prix\Authentificationgmail\.venv\Lib\site-packages\uvicorn\protocols\http\httptools_impl.py", line 409, in run_asgi
    result = await app(  # type: ignore[func-returns-value]
             ^^^^^^^^^^^^^^^^^^^^^^^^^^^^^^^^^^^^^^^^^^^^^^
  File "c:\Users\Thinkbook\Desktop\comparateur_prix\Authentificationgmail\.venv\Lib\site-packages\uvicorn\middleware\proxy_headers.py", line 60, in __call__
    return await self.app(scope, receive, send)
           ^^^^^^^^^^^^^^^^^^^^^^^^^^^^^^^^^^^^
  File "c:\Users\Thinkbook\Desktop\comparateur_prix\Authentificationgmail\.venv\Lib\site-packages\fastapi\applications.py", line 1134, in __call__
    await super().__call__(scope, receive, send)
  File "c:\Users\Thinkbook\Desktop\comparateur_prix\Authentificationgmail\.venv\Lib\site-packages\starlette\applications.py", line 107, in __call__
    await self.middleware_stack(scope, receive, send)
  File "c:\Users\Thinkbook\Desktop\comparateur_prix\Authentificationgmail\.venv\Lib\site-packages\starlette\middleware\errors.py", line 186, in __call__
    raise exc
  File "c:\Users\Thinkbook\Desktop\comparateur_prix\Authentificationgmail\.venv\Lib\site-packages\starlette\middleware\errors.py", line 164, in __call__
    await self.app(scope, receive, _send)
  File "c:\Users\Thinkbook\Desktop\comparateur_prix\Authentificationgmail\.venv\Lib\site-packages\starlette\middleware\cors.py", line 93, in __call__
    await self.simple_response(scope, receive, send, request_headers=headers)
  File "c:\Users\Thinkbook\Desktop\comparateur_prix\Authentificationgmail\.venv\Lib\site-packages\starlette\middleware\cors.py", line 144, in simple_response
    await self.app(scope, receive, send)
  File "c:\Users\Thinkbook\Desktop\comparateur_prix\Authentificationgmail\.venv\Lib\site-packages\starlette\middleware\exceptions.py", line 63, in __call__
    await wrap_app_handling_exceptions(self.app, conn)(scope, receive, send)
  File "c:\Users\Thinkbook\Desktop\comparateur_prix\Authentificationgmail\.venv\Lib\site-packages\starlette\_exception_handler.py", line 53, in wrapped_app
    raise exc
  File "c:\Users\Thinkbook\Desktop\comparateur_prix\Authentificationgmail\.venv\Lib\site-packages\starlette\_exception_handler.py", line 42, in wrapped_app
    await app(scope, receive, sender)
  File "c:\Users\Thinkbook\Desktop\comparateur_prix\Authentificationgmail\.venv\Lib\site-packages\fastapi\middleware\asyncexitstack.py", line 18, in __call__
    await self.app(scope, receive, send)
  File "c:\Users\Thinkbook\Desktop\comparateur_prix\Authentificationgmail\.venv\Lib\site-packages\starlette\routing.py", line 716, in __call__
    await self.middleware_stack(scope, receive, send)
  File "c:\Users\Thinkbook\Desktop\comparateur_prix\Authentificationgmail\.venv\Lib\site-packages\starlette\routing.py", line 736, in app
    await route.handle(scope, receive, send)
  File "c:\Users\Thinkbook\Desktop\comparateur_prix\Authentificationgmail\.venv\Lib\site-packages\starlette\routing.py", line 290, in handle
    await self.app(scope, receive, send)
  File "c:\Users\Thinkbook\Desktop\comparateur_prix\Authentificationgmail\.venv\Lib\site-packages\fastapi\routing.py", line 125, in app
    await wrap_app_handling_exceptions(app, request)(scope, receive, send)
  File "c:\Users\Thinkbook\Desktop\comparateur_prix\Authentificationgmail\.venv\Lib\site-packages\starlette\_exception_handler.py", line 53, in wrapped_app
    raise exc
  File "c:\Users\Thinkbook\Desktop\comparateur_prix\Authentificationgmail\.venv\Lib\site-packages\starlette\_exception_handler.py", line 42, in wrapped_app
    await app(scope, receive, sender)
  File "c:\Users\Thinkbook\Desktop\comparateur_prix\Authentificationgmail\.venv\Lib\site-packages\fastapi\routing.py", line 111, in app
    response = await f(request)
               ^^^^^^^^^^^^^^^^
  File "c:\Users\Thinkbook\Desktop\comparateur_prix\Authentificationgmail\.venv\Lib\site-packages\fastapi\routing.py", line 391, in app
    raw_response = await run_endpoint_function(
                   ^^^^^^^^^^^^^^^^^^^^^^^^^^^^
  File "c:\Users\Thinkbook\Desktop\comparateur_prix\Authentificationgmail\.venv\Lib\site-packages\fastapi\routing.py", line 292, in run_endpoint_function
    return await run_in_threadpool(dependant.call, **values)
           ^^^^^^^^^^^^^^^^^^^^^^^^^^^^^^^^^^^^^^^^^^^^^^^^^
  File "c:\Users\Thinkbook\Desktop\comparateur_prix\Authentificationgmail\.venv\Lib\site-packages\starlette\concurrency.py", line 32, in run_in_threadpool
    return await anyio.to_thread.run_sync(func)
           ^^^^^^^^^^^^^^^^^^^^^^^^^^^^^^^^^^^^
  File "c:\Users\Thinkbook\Desktop\comparateur_prix\Authentificationgmail\.venv\Lib\site-packages\anyio\to_thread.py", line 56, in run_sync
    return await get_async_backend().run_sync_in_worker_thread(
           ^^^^^^^^^^^^^^^^^^^^^^^^^^^^^^^^^^^^^^^^^^^^^^^^^^^^
  File "c:\Users\Thinkbook\Desktop\comparateur_prix\Authentificationgmail\.venv\Lib\site-packages\anyio\_backends\_asyncio.py", line 2485, in run_sync_in_worker_thread
    return await future
           ^^^^^^^^^^^^
  File "c:\Users\Thinkbook\Desktop\comparateur_prix\Authentificationgmail\.venv\Lib\site-packages\anyio\_backends\_asyncio.py", line 976, in run
    result = context.run(func, *args)
             ^^^^^^^^^^^^^^^^^^^^^^^^
  File "c:\Users\Thinkbook\Desktop\comparateur_prix\Authentificationgmail\backend\microservices\service3-alerts\app\main.py", line 164, in creer_alerte
    alerte = crud.creer_alerte(
             ^^^^^^^^^^^^^^^^^^
TypeError: creer_alerte() got an unexpected keyword argument 'prix_actuel'
INFO:     127.0.0.1:51136 - "POST /alerts HTTP/1.1" 500 Internal Server Error
ERROR:    Exception in ASGI application
Traceback (most recent call last):
  File "c:\Users\Thinkbook\Desktop\comparateur_prix\Authentificationgmail\.venv\Lib\site-packages\uvicorn\protocols\http\httptools_impl.py", line 409, in run_asgi
    result = await app(  # type: ignore[func-returns-value]
             ^^^^^^^^^^^^^^^^^^^^^^^^^^^^^^^^^^^^^^^^^^^^^^
  File "c:\Users\Thinkbook\Desktop\comparateur_prix\Authentificationgmail\.venv\Lib\site-packages\uvicorn\middleware\proxy_headers.py", line 60, in __call__
    return await self.app(scope, receive, send)
           ^^^^^^^^^^^^^^^^^^^^^^^^^^^^^^^^^^^^
  File "c:\Users\Thinkbook\Desktop\comparateur_prix\Authentificationgmail\.venv\Lib\site-packages\fastapi\applications.py", line 1134, in __call__
    await super().__call__(scope, receive, send)
  File "c:\Users\Thinkbook\Desktop\comparateur_prix\Authentificationgmail\.venv\Lib\site-packages\starlette\applications.py", line 107, in __call__
    await self.middleware_stack(scope, receive, send)
  File "c:\Users\Thinkbook\Desktop\comparateur_prix\Authentificationgmail\.venv\Lib\site-packages\starlette\middleware\errors.py", line 186, in __call__
    raise exc
  File "c:\Users\Thinkbook\Desktop\comparateur_prix\Authentificationgmail\.venv\Lib\site-packages\starlette\middleware\errors.py", line 164, in __call__
    await self.app(scope, receive, _send)
  File "c:\Users\Thinkbook\Desktop\comparateur_prix\Authentificationgmail\.venv\Lib\site-packages\starlette\middleware\cors.py", line 93, in __call__
    await self.simple_response(scope, receive, send, request_headers=headers)
  File "c:\Users\Thinkbook\Desktop\comparateur_prix\Authentificationgmail\.venv\Lib\site-packages\starlette\middleware\cors.py", line 144, in simple_response
    await self.app(scope, receive, send)
  File "c:\Users\Thinkbook\Desktop\comparateur_prix\Authentificationgmail\.venv\Lib\site-packages\starlette\middleware\exceptions.py", line 63, in __call__
    await wrap_app_handling_exceptions(self.app, conn)(scope, receive, send)
  File "c:\Users\Thinkbook\Desktop\comparateur_prix\Authentificationgmail\.venv\Lib\site-packages\starlette\_exception_handler.py", line 53, in wrapped_app
    raise exc
  File "c:\Users\Thinkbook\Desktop\comparateur_prix\Authentificationgmail\.venv\Lib\site-packages\starlette\_exception_handler.py", line 42, in wrapped_app
    await app(scope, receive, sender)
  File "c:\Users\Thinkbook\Desktop\comparateur_prix\Authentificationgmail\.venv\Lib\site-packages\fastapi\middleware\asyncexitstack.py", line 18, in __call__
    await self.app(scope, receive, send)
  File "c:\Users\Thinkbook\Desktop\comparateur_prix\Authentificationgmail\.venv\Lib\site-packages\starlette\routing.py", line 716, in __call__
    await self.middleware_stack(scope, receive, send)
  File "c:\Users\Thinkbook\Desktop\comparateur_prix\Authentificationgmail\.venv\Lib\site-packages\starlette\routing.py", line 736, in app
    await route.handle(scope, receive, send)
  File "c:\Users\Thinkbook\Desktop\comparateur_prix\Authentificationgmail\.venv\Lib\site-packages\starlette\routing.py", line 290, in handle
    await self.app(scope, receive, send)
  File "c:\Users\Thinkbook\Desktop\comparateur_prix\Authentificationgmail\.venv\Lib\site-packages\fastapi\routing.py", line 125, in app
    await wrap_app_handling_exceptions(app, request)(scope, receive, send)
  File "c:\Users\Thinkbook\Desktop\comparateur_prix\Authentificationgmail\.venv\Lib\site-packages\starlette\_exception_handler.py", line 53, in wrapped_app
    raise exc
  File "c:\Users\Thinkbook\Desktop\comparateur_prix\Authentificationgmail\.venv\Lib\site-packages\starlette\_exception_handler.py", line 42, in wrapped_app
    await app(scope, receive, sender)
  File "c:\Users\Thinkbook\Desktop\comparateur_prix\Authentificationgmail\.venv\Lib\site-packages\fastapi\routing.py", line 111, in app
    response = await f(request)
               ^^^^^^^^^^^^^^^^
  File "c:\Users\Thinkbook\Desktop\comparateur_prix\Authentificationgmail\.venv\Lib\site-packages\fastapi\routing.py", line 391, in app
    raw_response = await run_endpoint_function(
                   ^^^^^^^^^^^^^^^^^^^^^^^^^^^^
  File "c:\Users\Thinkbook\Desktop\comparateur_prix\Authentificationgmail\.venv\Lib\site-packages\fastapi\routing.py", line 292, in run_endpoint_function
    return await run_in_threadpool(dependant.call, **values)
           ^^^^^^^^^^^^^^^^^^^^^^^^^^^^^^^^^^^^^^^^^^^^^^^^^
  File "c:\Users\Thinkbook\Desktop\comparateur_prix\Authentificationgmail\.venv\Lib\site-packages\starlette\concurrency.py", line 32, in run_in_threadpool
    return await anyio.to_thread.run_sync(func)
           ^^^^^^^^^^^^^^^^^^^^^^^^^^^^^^^^^^^^
  File "c:\Users\Thinkbook\Desktop\comparateur_prix\Authentificationgmail\.venv\Lib\site-packages\anyio\to_thread.py", line 56, in run_sync
    return await get_async_backend().run_sync_in_worker_thread(
           ^^^^^^^^^^^^^^^^^^^^^^^^^^^^^^^^^^^^^^^^^^^^^^^^^^^^
  File "c:\Users\Thinkbook\Desktop\comparateur_prix\Authentificationgmail\.venv\Lib\site-packages\anyio\_backends\_asyncio.py", line 2485, in run_sync_in_worker_thread
    return await future
           ^^^^^^^^^^^^
  File "c:\Users\Thinkbook\Desktop\comparateur_prix\Authentificationgmail\.venv\Lib\site-packages\anyio\_backends\_asyncio.py", line 976, in run
    result = context.run(func, *args)
             ^^^^^^^^^^^^^^^^^^^^^^^^
  File "c:\Users\Thinkbook\Desktop\comparateur_prix\Authentificationgmail\backend\microservices\service3-alerts\app\main.py", line 164, in creer_alerte
    alerte = crud.creer_alerte(
             ^^^^^^^^^^^^^^^^^^
TypeError: creer_alerte() got an unexpected keyword argument 'prix_actuel'
INFO:     127.0.0.1:60426 - "POST /alerts HTTP/1.1" 500 Internal Server Error
ERROR:    Exception in ASGI application
Traceback (most recent call last):
  File "c:\Users\Thinkbook\Desktop\comparateur_prix\Authentificationgmail\.venv\Lib\site-packages\uvicorn\protocols\http\httptools_impl.py", line 409, in run_asgi
    result = await app(  # type: ignore[func-returns-value]
             ^^^^^^^^^^^^^^^^^^^^^^^^^^^^^^^^^^^^^^^^^^^^^^
  File "c:\Users\Thinkbook\Desktop\comparateur_prix\Authentificationgmail\.venv\Lib\site-packages\uvicorn\middleware\proxy_headers.py", line 60, in __call__
    return await self.app(scope, receive, send)
           ^^^^^^^^^^^^^^^^^^^^^^^^^^^^^^^^^^^^
  File "c:\Users\Thinkbook\Desktop\comparateur_prix\Authentificationgmail\.venv\Lib\site-packages\fastapi\applications.py", line 1134, in __call__
    await super().__call__(scope, receive, send)
  File "c:\Users\Thinkbook\Desktop\comparateur_prix\Authentificationgmail\.venv\Lib\site-packages\starlette\applications.py", line 107, in __call__
    await self.middleware_stack(scope, receive, send)
  File "c:\Users\Thinkbook\Desktop\comparateur_prix\Authentificationgmail\.venv\Lib\site-packages\starlette\middleware\errors.py", line 186, in __call__
    raise exc
  File "c:\Users\Thinkbook\Desktop\comparateur_prix\Authentificationgmail\.venv\Lib\site-packages\starlette\middleware\errors.py", line 164, in __call__
    await self.app(scope, receive, _send)
  File "c:\Users\Thinkbook\Desktop\comparateur_prix\Authentificationgmail\.venv\Lib\site-packages\starlette\middleware\cors.py", line 93, in __call__
    await self.simple_response(scope, receive, send, request_headers=headers)
  File "c:\Users\Thinkbook\Desktop\comparateur_prix\Authentificationgmail\.venv\Lib\site-packages\starlette\middleware\cors.py", line 144, in simple_response
    await self.app(scope, receive, send)
  File "c:\Users\Thinkbook\Desktop\comparateur_prix\Authentificationgmail\.venv\Lib\site-packages\starlette\middleware\exceptions.py", line 63, in __call__
    await wrap_app_handling_exceptions(self.app, conn)(scope, receive, send)
  File "c:\Users\Thinkbook\Desktop\comparateur_prix\Authentificationgmail\.venv\Lib\site-packages\starlette\_exception_handler.py", line 53, in wrapped_app
    raise exc
  File "c:\Users\Thinkbook\Desktop\comparateur_prix\Authentificationgmail\.venv\Lib\site-packages\starlette\_exception_handler.py", line 42, in wrapped_app
    await app(scope, receive, sender)
  File "c:\Users\Thinkbook\Desktop\comparateur_prix\Authentificationgmail\.venv\Lib\site-packages\fastapi\middleware\asyncexitstack.py", line 18, in __call__
    await self.app(scope, receive, send)
  File "c:\Users\Thinkbook\Desktop\comparateur_prix\Authentificationgmail\.venv\Lib\site-packages\starlette\routing.py", line 716, in __call__
    await self.middleware_stack(scope, receive, send)
  File "c:\Users\Thinkbook\Desktop\comparateur_prix\Authentificationgmail\.venv\Lib\site-packages\starlette\routing.py", line 736, in app
    await route.handle(scope, receive, send)
  File "c:\Users\Thinkbook\Desktop\comparateur_prix\Authentificationgmail\.venv\Lib\site-packages\starlette\routing.py", line 290, in handle
    await self.app(scope, receive, send)
  File "c:\Users\Thinkbook\Desktop\comparateur_prix\Authentificationgmail\.venv\Lib\site-packages\fastapi\routing.py", line 125, in app
    await wrap_app_handling_exceptions(app, request)(scope, receive, send)
  File "c:\Users\Thinkbook\Desktop\comparateur_prix\Authentificationgmail\.venv\Lib\site-packages\starlette\_exception_handler.py", line 53, in wrapped_app
    raise exc
  File "c:\Users\Thinkbook\Desktop\comparateur_prix\Authentificationgmail\.venv\Lib\site-packages\starlette\_exception_handler.py", line 42, in wrapped_app
    await app(scope, receive, sender)
  File "c:\Users\Thinkbook\Desktop\comparateur_prix\Authentificationgmail\.venv\Lib\site-packages\fastapi\routing.py", line 111, in app
    response = await f(request)
               ^^^^^^^^^^^^^^^^
  File "c:\Users\Thinkbook\Desktop\comparateur_prix\Authentificationgmail\.venv\Lib\site-packages\fastapi\routing.py", line 391, in app
    raw_response = await run_endpoint_function(
                   ^^^^^^^^^^^^^^^^^^^^^^^^^^^^
  File "c:\Users\Thinkbook\Desktop\comparateur_prix\Authentificationgmail\.venv\Lib\site-packages\fastapi\routing.py", line 292, in run_endpoint_function
    return await run_in_threadpool(dependant.call, **values)
           ^^^^^^^^^^^^^^^^^^^^^^^^^^^^^^^^^^^^^^^^^^^^^^^^^
  File "c:\Users\Thinkbook\Desktop\comparateur_prix\Authentificationgmail\.venv\Lib\site-packages\starlette\concurrency.py", line 32, in run_in_threadpool
    return await anyio.to_thread.run_sync(func)
           ^^^^^^^^^^^^^^^^^^^^^^^^^^^^^^^^^^^^
  File "c:\Users\Thinkbook\Desktop\comparateur_prix\Authentificationgmail\.venv\Lib\site-packages\anyio\to_thread.py", line 56, in run_sync
    return await get_async_backend().run_sync_in_worker_thread(
           ^^^^^^^^^^^^^^^^^^^^^^^^^^^^^^^^^^^^^^^^^^^^^^^^^^^^
  File "c:\Users\Thinkbook\Desktop\comparateur_prix\Authentificationgmail\.venv\Lib\site-packages\anyio\_backends\_asyncio.py", line 2485, in run_sync_in_worker_thread
    return await future
           ^^^^^^^^^^^^
  File "c:\Users\Thinkbook\Desktop\comparateur_prix\Authentificationgmail\.venv\Lib\site-packages\anyio\_backends\_asyncio.py", line 976, in run
    result = context.run(func, *args)
             ^^^^^^^^^^^^^^^^^^^^^^^^
  File "c:\Users\Thinkbook\Desktop\comparateur_prix\Authentificationgmail\backend\microservices\service3-alerts\app\main.py", line 164, in creer_alerte
    alerte = crud.creer_alerte(
             ^^^^^^^^^^^^^^^^^^
TypeError: creer_alerte() got an unexpected keyword argument 'prix_actuel'
INFO:     127.0.0.1:54958 - "POST /alerts HTTP/1.1" 500 Internal Server Error
ERROR:    Exception in ASGI application
Traceback (most recent call last):
  File "c:\Users\Thinkbook\Desktop\comparateur_prix\Authentificationgmail\.venv\Lib\site-packages\uvicorn\protocols\http\httptools_impl.py", line 409, in run_asgi
    result = await app(  # type: ignore[func-returns-value]
             ^^^^^^^^^^^^^^^^^^^^^^^^^^^^^^^^^^^^^^^^^^^^^^
  File "c:\Users\Thinkbook\Desktop\comparateur_prix\Authentificationgmail\.venv\Lib\site-packages\uvicorn\middleware\proxy_headers.py", line 60, in __call__
    return await self.app(scope, receive, send)
           ^^^^^^^^^^^^^^^^^^^^^^^^^^^^^^^^^^^^
  File "c:\Users\Thinkbook\Desktop\comparateur_prix\Authentificationgmail\.venv\Lib\site-packages\fastapi\applications.py", line 1134, in __call__
    await super().__call__(scope, receive, send)
  File "c:\Users\Thinkbook\Desktop\comparateur_prix\Authentificationgmail\.venv\Lib\site-packages\starlette\applications.py", line 107, in __call__
    await self.middleware_stack(scope, receive, send)
  File "c:\Users\Thinkbook\Desktop\comparateur_prix\Authentificationgmail\.venv\Lib\site-packages\starlette\middleware\errors.py", line 186, in __call__
    raise exc
  File "c:\Users\Thinkbook\Desktop\comparateur_prix\Authentificationgmail\.venv\Lib\site-packages\starlette\middleware\errors.py", line 164, in __call__
    await self.app(scope, receive, _send)
  File "c:\Users\Thinkbook\Desktop\comparateur_prix\Authentificationgmail\.venv\Lib\site-packages\starlette\middleware\cors.py", line 93, in __call__
    await self.simple_response(scope, receive, send, request_headers=headers)
  File "c:\Users\Thinkbook\Desktop\comparateur_prix\Authentificationgmail\.venv\Lib\site-packages\starlette\middleware\cors.py", line 144, in simple_response
    await self.app(scope, receive, send)
  File "c:\Users\Thinkbook\Desktop\comparateur_prix\Authentificationgmail\.venv\Lib\site-packages\starlette\middleware\exceptions.py", line 63, in __call__
    await wrap_app_handling_exceptions(self.app, conn)(scope, receive, send)
  File "c:\Users\Thinkbook\Desktop\comparateur_prix\Authentificationgmail\.venv\Lib\site-packages\starlette\_exception_handler.py", line 53, in wrapped_app
    raise exc
  File "c:\Users\Thinkbook\Desktop\comparateur_prix\Authentificationgmail\.venv\Lib\site-packages\starlette\_exception_handler.py", line 42, in wrapped_app
    await app(scope, receive, sender)
  File "c:\Users\Thinkbook\Desktop\comparateur_prix\Authentificationgmail\.venv\Lib\site-packages\fastapi\middleware\asyncexitstack.py", line 18, in __call__
    await self.app(scope, receive, send)
  File "c:\Users\Thinkbook\Desktop\comparateur_prix\Authentificationgmail\.venv\Lib\site-packages\starlette\routing.py", line 716, in __call__
    await self.middleware_stack(scope, receive, send)
  File "c:\Users\Thinkbook\Desktop\comparateur_prix\Authentificationgmail\.venv\Lib\site-packages\starlette\routing.py", line 736, in app
    await route.handle(scope, receive, send)
  File "c:\Users\Thinkbook\Desktop\comparateur_prix\Authentificationgmail\.venv\Lib\site-packages\starlette\routing.py", line 290, in handle
    await self.app(scope, receive, send)
  File "c:\Users\Thinkbook\Desktop\comparateur_prix\Authentificationgmail\.venv\Lib\site-packages\fastapi\routing.py", line 125, in app
    await wrap_app_handling_exceptions(app, request)(scope, receive, send)
  File "c:\Users\Thinkbook\Desktop\comparateur_prix\Authentificationgmail\.venv\Lib\site-packages\starlette\_exception_handler.py", line 53, in wrapped_app
    raise exc
  File "c:\Users\Thinkbook\Desktop\comparateur_prix\Authentificationgmail\.venv\Lib\site-packages\starlette\_exception_handler.py", line 42, in wrapped_app
    await app(scope, receive, sender)
  File "c:\Users\Thinkbook\Desktop\comparateur_prix\Authentificationgmail\.venv\Lib\site-packages\fastapi\routing.py", line 111, in app
    response = await f(request)
               ^^^^^^^^^^^^^^^^
  File "c:\Users\Thinkbook\Desktop\comparateur_prix\Authentificationgmail\.venv\Lib\site-packages\fastapi\routing.py", line 391, in app
    raw_response = await run_endpoint_function(
                   ^^^^^^^^^^^^^^^^^^^^^^^^^^^^
  File "c:\Users\Thinkbook\Desktop\comparateur_prix\Authentificationgmail\.venv\Lib\site-packages\fastapi\routing.py", line 292, in run_endpoint_function
    return await run_in_threadpool(dependant.call, **values)
           ^^^^^^^^^^^^^^^^^^^^^^^^^^^^^^^^^^^^^^^^^^^^^^^^^
  File "c:\Users\Thinkbook\Desktop\comparateur_prix\Authentificationgmail\.venv\Lib\site-packages\starlette\concurrency.py", line 32, in run_in_threadpool
    return await anyio.to_thread.run_sync(func)
           ^^^^^^^^^^^^^^^^^^^^^^^^^^^^^^^^^^^^
  File "c:\Users\Thinkbook\Desktop\comparateur_prix\Authentificationgmail\.venv\Lib\site-packages\anyio\to_thread.py", line 56, in run_sync
    return await get_async_backend().run_sync_in_worker_thread(
           ^^^^^^^^^^^^^^^^^^^^^^^^^^^^^^^^^^^^^^^^^^^^^^^^^^^^
  File "c:\Users\Thinkbook\Desktop\comparateur_prix\Authentificationgmail\.venv\Lib\site-packages\anyio\_backends\_asyncio.py", line 2485, in run_sync_in_worker_thread
    return await future
           ^^^^^^^^^^^^
  File "c:\Users\Thinkbook\Desktop\comparateur_prix\Authentificationgmail\.venv\Lib\site-packages\anyio\_backends\_asyncio.py", line 976, in run
    result = context.run(func, *args)
             ^^^^^^^^^^^^^^^^^^^^^^^^
  File "c:\Users\Thinkbook\Desktop\comparateur_prix\Authentificationgmail\backend\microservices\service3-alerts\app\main.py", line 164, in creer_alerte
    alerte = crud.creer_alerte(
             ^^^^^^^^^^^^^^^^^^
TypeError: creer_alerte() got an unexpected keyword argument 'prix_actuel'
INFO:     127.0.0.1:55695 - "POST /alerts HTTP/1.1" 500 Internal Server Error
ERROR:    Exception in ASGI application
Traceback (most recent call last):
  File "c:\Users\Thinkbook\Desktop\comparateur_prix\Authentificationgmail\.venv\Lib\site-packages\uvicorn\protocols\http\httptools_impl.py", line 409, in run_asgi
    result = await app(  # type: ignore[func-returns-value]
             ^^^^^^^^^^^^^^^^^^^^^^^^^^^^^^^^^^^^^^^^^^^^^^
  File "c:\Users\Thinkbook\Desktop\comparateur_prix\Authentificationgmail\.venv\Lib\site-packages\uvicorn\middleware\proxy_headers.py", line 60, in __call__
    return await self.app(scope, receive, send)
           ^^^^^^^^^^^^^^^^^^^^^^^^^^^^^^^^^^^^
  File "c:\Users\Thinkbook\Desktop\comparateur_prix\Authentificationgmail\.venv\Lib\site-packages\fastapi\applications.py", line 1134, in __call__
    await super().__call__(scope, receive, send)
  File "c:\Users\Thinkbook\Desktop\comparateur_prix\Authentificationgmail\.venv\Lib\site-packages\starlette\applications.py", line 107, in __call__
    await self.middleware_stack(scope, receive, send)
  File "c:\Users\Thinkbook\Desktop\comparateur_prix\Authentificationgmail\.venv\Lib\site-packages\starlette\middleware\errors.py", line 186, in __call__
    raise exc
  File "c:\Users\Thinkbook\Desktop\comparateur_prix\Authentificationgmail\.venv\Lib\site-packages\starlette\middleware\errors.py", line 164, in __call__
    await self.app(scope, receive, _send)
  File "c:\Users\Thinkbook\Desktop\comparateur_prix\Authentificationgmail\.venv\Lib\site-packages\starlette\middleware\cors.py", line 93, in __call__
    await self.simple_response(scope, receive, send, request_headers=headers)
  File "c:\Users\Thinkbook\Desktop\comparateur_prix\Authentificationgmail\.venv\Lib\site-packages\starlette\middleware\cors.py", line 144, in simple_response
    await self.app(scope, receive, send)
  File "c:\Users\Thinkbook\Desktop\comparateur_prix\Authentificationgmail\.venv\Lib\site-packages\starlette\middleware\exceptions.py", line 63, in __call__
    await wrap_app_handling_exceptions(self.app, conn)(scope, receive, send)
  File "c:\Users\Thinkbook\Desktop\comparateur_prix\Authentificationgmail\.venv\Lib\site-packages\starlette\_exception_handler.py", line 53, in wrapped_app
    raise exc
  File "c:\Users\Thinkbook\Desktop\comparateur_prix\Authentificationgmail\.venv\Lib\site-packages\starlette\_exception_handler.py", line 42, in wrapped_app
    await app(scope, receive, sender)
  File "c:\Users\Thinkbook\Desktop\comparateur_prix\Authentificationgmail\.venv\Lib\site-packages\fastapi\middleware\asyncexitstack.py", line 18, in __call__
    await self.app(scope, receive, send)
  File "c:\Users\Thinkbook\Desktop\comparateur_prix\Authentificationgmail\.venv\Lib\site-packages\starlette\routing.py", line 716, in __call__
    await self.middleware_stack(scope, receive, send)
  File "c:\Users\Thinkbook\Desktop\comparateur_prix\Authentificationgmail\.venv\Lib\site-packages\starlette\routing.py", line 736, in app
    await route.handle(scope, receive, send)
  File "c:\Users\Thinkbook\Desktop\comparateur_prix\Authentificationgmail\.venv\Lib\site-packages\starlette\routing.py", line 290, in handle
    await self.app(scope, receive, send)
  File "c:\Users\Thinkbook\Desktop\comparateur_prix\Authentificationgmail\.venv\Lib\site-packages\fastapi\routing.py", line 125, in app
    await wrap_app_handling_exceptions(app, request)(scope, receive, send)
  File "c:\Users\Thinkbook\Desktop\comparateur_prix\Authentificationgmail\.venv\Lib\site-packages\starlette\_exception_handler.py", line 53, in wrapped_app
    raise exc
  File "c:\Users\Thinkbook\Desktop\comparateur_prix\Authentificationgmail\.venv\Lib\site-packages\starlette\_exception_handler.py", line 42, in wrapped_app
    await app(scope, receive, sender)
  File "c:\Users\Thinkbook\Desktop\comparateur_prix\Authentificationgmail\.venv\Lib\site-packages\fastapi\routing.py", line 111, in app
    response = await f(request)
               ^^^^^^^^^^^^^^^^
  File "c:\Users\Thinkbook\Desktop\comparateur_prix\Authentificationgmail\.venv\Lib\site-packages\fastapi\routing.py", line 391, in app
    raw_response = await run_endpoint_function(
                   ^^^^^^^^^^^^^^^^^^^^^^^^^^^^
  File "c:\Users\Thinkbook\Desktop\comparateur_prix\Authentificationgmail\.venv\Lib\site-packages\fastapi\routing.py", line 292, in run_endpoint_function
    return await run_in_threadpool(dependant.call, **values)
           ^^^^^^^^^^^^^^^^^^^^^^^^^^^^^^^^^^^^^^^^^^^^^^^^^
  File "c:\Users\Thinkbook\Desktop\comparateur_prix\Authentificationgmail\.venv\Lib\site-packages\starlette\concurrency.py", line 32, in run_in_threadpool
    return await anyio.to_thread.run_sync(func)
           ^^^^^^^^^^^^^^^^^^^^^^^^^^^^^^^^^^^^
  File "c:\Users\Thinkbook\Desktop\comparateur_prix\Authentificationgmail\.venv\Lib\site-packages\anyio\to_thread.py", line 56, in run_sync
    return await get_async_backend().run_sync_in_worker_thread(
           ^^^^^^^^^^^^^^^^^^^^^^^^^^^^^^^^^^^^^^^^^^^^^^^^^^^^
  File "c:\Users\Thinkbook\Desktop\comparateur_prix\Authentificationgmail\.venv\Lib\site-packages\anyio\_backends\_asyncio.py", line 2485, in run_sync_in_worker_thread
    return await future
           ^^^^^^^^^^^^
  File "c:\Users\Thinkbook\Desktop\comparateur_prix\Authentificationgmail\.venv\Lib\site-packages\anyio\_backends\_asyncio.py", line 976, in run
    result = context.run(func, *args)
             ^^^^^^^^^^^^^^^^^^^^^^^^
  File "c:\Users\Thinkbook\Desktop\comparateur_prix\Authentificationgmail\backend\microservices\service3-alerts\app\main.py", line 164, in creer_alerte
    alerte = crud.creer_alerte(
             ^^^^^^^^^^^^^^^^^^
TypeError: creer_alerte() got an unexpected keyword argument 'prix_actuel'
INFO:     127.0.0.1:59917 - "POST /alerts HTTP/1.1" 500 Internal Server Error
ERROR:    Exception in ASGI application
Traceback (most recent call last):
  File "c:\Users\Thinkbook\Desktop\comparateur_prix\Authentificationgmail\.venv\Lib\site-packages\uvicorn\protocols\http\httptools_impl.py", line 409, in run_asgi
    result = await app(  # type: ignore[func-returns-value]
             ^^^^^^^^^^^^^^^^^^^^^^^^^^^^^^^^^^^^^^^^^^^^^^
  File "c:\Users\Thinkbook\Desktop\comparateur_prix\Authentificationgmail\.venv\Lib\site-packages\uvicorn\middleware\proxy_headers.py", line 60, in __call__
    return await self.app(scope, receive, send)
           ^^^^^^^^^^^^^^^^^^^^^^^^^^^^^^^^^^^^
  File "c:\Users\Thinkbook\Desktop\comparateur_prix\Authentificationgmail\.venv\Lib\site-packages\fastapi\applications.py", line 1134, in __call__
    await super().__call__(scope, receive, send)
  File "c:\Users\Thinkbook\Desktop\comparateur_prix\Authentificationgmail\.venv\Lib\site-packages\starlette\applications.py", line 107, in __call__
    await self.middleware_stack(scope, receive, send)
  File "c:\Users\Thinkbook\Desktop\comparateur_prix\Authentificationgmail\.venv\Lib\site-packages\starlette\middleware\errors.py", line 186, in __call__
    raise exc
  File "c:\Users\Thinkbook\Desktop\comparateur_prix\Authentificationgmail\.venv\Lib\site-packages\starlette\middleware\errors.py", line 164, in __call__
    await self.app(scope, receive, _send)
  File "c:\Users\Thinkbook\Desktop\comparateur_prix\Authentificationgmail\.venv\Lib\site-packages\starlette\middleware\cors.py", line 93, in __call__
    await self.simple_response(scope, receive, send, request_headers=headers)
  File "c:\Users\Thinkbook\Desktop\comparateur_prix\Authentificationgmail\.venv\Lib\site-packages\starlette\middleware\cors.py", line 144, in simple_response
    await self.app(scope, receive, send)
  File "c:\Users\Thinkbook\Desktop\comparateur_prix\Authentificationgmail\.venv\Lib\site-packages\starlette\middleware\exceptions.py", line 63, in __call__
    await wrap_app_handling_exceptions(self.app, conn)(scope, receive, send)
  File "c:\Users\Thinkbook\Desktop\comparateur_prix\Authentificationgmail\.venv\Lib\site-packages\starlette\_exception_handler.py", line 53, in wrapped_app
    raise exc
  File "c:\Users\Thinkbook\Desktop\comparateur_prix\Authentificationgmail\.venv\Lib\site-packages\starlette\_exception_handler.py", line 42, in wrapped_app
    await app(scope, receive, sender)
  File "c:\Users\Thinkbook\Desktop\comparateur_prix\Authentificationgmail\.venv\Lib\site-packages\fastapi\middleware\asyncexitstack.py", line 18, in __call__
    await self.app(scope, receive, send)
  File "c:\Users\Thinkbook\Desktop\comparateur_prix\Authentificationgmail\.venv\Lib\site-packages\starlette\routing.py", line 716, in __call__
    await self.middleware_stack(scope, receive, send)
  File "c:\Users\Thinkbook\Desktop\comparateur_prix\Authentificationgmail\.venv\Lib\site-packages\starlette\routing.py", line 736, in app
    await route.handle(scope, receive, send)
  File "c:\Users\Thinkbook\Desktop\comparateur_prix\Authentificationgmail\.venv\Lib\site-packages\starlette\routing.py", line 290, in handle
    await self.app(scope, receive, send)
  File "c:\Users\Thinkbook\Desktop\comparateur_prix\Authentificationgmail\.venv\Lib\site-packages\fastapi\routing.py", line 125, in app
    await wrap_app_handling_exceptions(app, request)(scope, receive, send)
  File "c:\Users\Thinkbook\Desktop\comparateur_prix\Authentificationgmail\.venv\Lib\site-packages\starlette\_exception_handler.py", line 53, in wrapped_app
    raise exc
  File "c:\Users\Thinkbook\Desktop\comparateur_prix\Authentificationgmail\.venv\Lib\site-packages\starlette\_exception_handler.py", line 42, in wrapped_app
    await app(scope, receive, sender)
  File "c:\Users\Thinkbook\Desktop\comparateur_prix\Authentificationgmail\.venv\Lib\site-packages\fastapi\routing.py", line 111, in app
    response = await f(request)
               ^^^^^^^^^^^^^^^^
  File "c:\Users\Thinkbook\Desktop\comparateur_prix\Authentificationgmail\.venv\Lib\site-packages\fastapi\routing.py", line 391, in app
    raw_response = await run_endpoint_function(
                   ^^^^^^^^^^^^^^^^^^^^^^^^^^^^
  File "c:\Users\Thinkbook\Desktop\comparateur_prix\Authentificationgmail\.venv\Lib\site-packages\fastapi\routing.py", line 292, in run_endpoint_function
    return await run_in_threadpool(dependant.call, **values)
           ^^^^^^^^^^^^^^^^^^^^^^^^^^^^^^^^^^^^^^^^^^^^^^^^^
  File "c:\Users\Thinkbook\Desktop\comparateur_prix\Authentificationgmail\.venv\Lib\site-packages\starlette\concurrency.py", line 32, in run_in_threadpool
    return await anyio.to_thread.run_sync(func)
           ^^^^^^^^^^^^^^^^^^^^^^^^^^^^^^^^^^^^
  File "c:\Users\Thinkbook\Desktop\comparateur_prix\Authentificationgmail\.venv\Lib\site-packages\anyio\to_thread.py", line 56, in run_sync
    return await get_async_backend().run_sync_in_worker_thread(
           ^^^^^^^^^^^^^^^^^^^^^^^^^^^^^^^^^^^^^^^^^^^^^^^^^^^^
  File "c:\Users\Thinkbook\Desktop\comparateur_prix\Authentificationgmail\.venv\Lib\site-packages\anyio\_backends\_asyncio.py", line 2485, in run_sync_in_worker_thread
    return await future
           ^^^^^^^^^^^^
  File "c:\Users\Thinkbook\Desktop\comparateur_prix\Authentificationgmail\.venv\Lib\site-packages\anyio\_backends\_asyncio.py", line 976, in run
    result = context.run(func, *args)
             ^^^^^^^^^^^^^^^^^^^^^^^^
  File "c:\Users\Thinkbook\Desktop\comparateur_prix\Authentificationgmail\backend\microservices\service3-alerts\app\main.py", line 164, in creer_alerte
    alerte = crud.creer_alerte(
             ^^^^^^^^^^^^^^^^^^
TypeError: creer_alerte() got an unexpected keyword argument 'prix_actuel'
INFO:     127.0.0.1:53738 - "POST /alerts HTTP/1.1" 500 Internal Server Error
ERROR:    Exception in ASGI application
Traceback (most recent call last):
  File "c:\Users\Thinkbook\Desktop\comparateur_prix\Authentificationgmail\.venv\Lib\site-packages\uvicorn\protocols\http\httptools_impl.py", line 409, in run_asgi
    result = await app(  # type: ignore[func-returns-value]
             ^^^^^^^^^^^^^^^^^^^^^^^^^^^^^^^^^^^^^^^^^^^^^^
  File "c:\Users\Thinkbook\Desktop\comparateur_prix\Authentificationgmail\.venv\Lib\site-packages\uvicorn\middleware\proxy_headers.py", line 60, in __call__
    return await self.app(scope, receive, send)
           ^^^^^^^^^^^^^^^^^^^^^^^^^^^^^^^^^^^^
  File "c:\Users\Thinkbook\Desktop\comparateur_prix\Authentificationgmail\.venv\Lib\site-packages\fastapi\applications.py", line 1134, in __call__
    await super().__call__(scope, receive, send)
  File "c:\Users\Thinkbook\Desktop\comparateur_prix\Authentificationgmail\.venv\Lib\site-packages\starlette\applications.py", line 107, in __call__
    await self.middleware_stack(scope, receive, send)
  File "c:\Users\Thinkbook\Desktop\comparateur_prix\Authentificationgmail\.venv\Lib\site-packages\starlette\middleware\errors.py", line 186, in __call__
    raise exc
  File "c:\Users\Thinkbook\Desktop\comparateur_prix\Authentificationgmail\.venv\Lib\site-packages\starlette\middleware\errors.py", line 164, in __call__
    await self.app(scope, receive, _send)
  File "c:\Users\Thinkbook\Desktop\comparateur_prix\Authentificationgmail\.venv\Lib\site-packages\starlette\middleware\cors.py", line 93, in __call__
    await self.simple_response(scope, receive, send, request_headers=headers)
  File "c:\Users\Thinkbook\Desktop\comparateur_prix\Authentificationgmail\.venv\Lib\site-packages\starlette\middleware\cors.py", line 144, in simple_response
    await self.app(scope, receive, send)
  File "c:\Users\Thinkbook\Desktop\comparateur_prix\Authentificationgmail\.venv\Lib\site-packages\starlette\middleware\exceptions.py", line 63, in __call__
    await wrap_app_handling_exceptions(self.app, conn)(scope, receive, send)
  File "c:\Users\Thinkbook\Desktop\comparateur_prix\Authentificationgmail\.venv\Lib\site-packages\starlette\_exception_handler.py", line 53, in wrapped_app
    raise exc
  File "c:\Users\Thinkbook\Desktop\comparateur_prix\Authentificationgmail\.venv\Lib\site-packages\starlette\_exception_handler.py", line 42, in wrapped_app
    await app(scope, receive, sender)
  File "c:\Users\Thinkbook\Desktop\comparateur_prix\Authentificationgmail\.venv\Lib\site-packages\fastapi\middleware\asyncexitstack.py", line 18, in __call__
    await self.app(scope, receive, send)
  File "c:\Users\Thinkbook\Desktop\comparateur_prix\Authentificationgmail\.venv\Lib\site-packages\starlette\routing.py", line 716, in __call__
    await self.middleware_stack(scope, receive, send)
  File "c:\Users\Thinkbook\Desktop\comparateur_prix\Authentificationgmail\.venv\Lib\site-packages\starlette\routing.py", line 736, in app
    await route.handle(scope, receive, send)
  File "c:\Users\Thinkbook\Desktop\comparateur_prix\Authentificationgmail\.venv\Lib\site-packages\starlette\routing.py", line 290, in handle
    await self.app(scope, receive, send)
  File "c:\Users\Thinkbook\Desktop\comparateur_prix\Authentificationgmail\.venv\Lib\site-packages\fastapi\routing.py", line 125, in app
    await wrap_app_handling_exceptions(app, request)(scope, receive, send)
  File "c:\Users\Thinkbook\Desktop\comparateur_prix\Authentificationgmail\.venv\Lib\site-packages\starlette\_exception_handler.py", line 53, in wrapped_app
    raise exc
  File "c:\Users\Thinkbook\Desktop\comparateur_prix\Authentificationgmail\.venv\Lib\site-packages\starlette\_exception_handler.py", line 42, in wrapped_app
    await app(scope, receive, sender)
  File "c:\Users\Thinkbook\Desktop\comparateur_prix\Authentificationgmail\.venv\Lib\site-packages\fastapi\routing.py", line 111, in app
    response = await f(request)
               ^^^^^^^^^^^^^^^^
  File "c:\Users\Thinkbook\Desktop\comparateur_prix\Authentificationgmail\.venv\Lib\site-packages\fastapi\routing.py", line 391, in app
    raw_response = await run_endpoint_function(
                   ^^^^^^^^^^^^^^^^^^^^^^^^^^^^
  File "c:\Users\Thinkbook\Desktop\comparateur_prix\Authentificationgmail\.venv\Lib\site-packages\fastapi\routing.py", line 292, in run_endpoint_function
    return await run_in_threadpool(dependant.call, **values)
           ^^^^^^^^^^^^^^^^^^^^^^^^^^^^^^^^^^^^^^^^^^^^^^^^^
  File "c:\Users\Thinkbook\Desktop\comparateur_prix\Authentificationgmail\.venv\Lib\site-packages\starlette\concurrency.py", line 32, in run_in_threadpool
    return await anyio.to_thread.run_sync(func)
           ^^^^^^^^^^^^^^^^^^^^^^^^^^^^^^^^^^^^
  File "c:\Users\Thinkbook\Desktop\comparateur_prix\Authentificationgmail\.venv\Lib\site-packages\anyio\to_thread.py", line 56, in run_sync
    return await get_async_backend().run_sync_in_worker_thread(
           ^^^^^^^^^^^^^^^^^^^^^^^^^^^^^^^^^^^^^^^^^^^^^^^^^^^^
  File "c:\Users\Thinkbook\Desktop\comparateur_prix\Authentificationgmail\.venv\Lib\site-packages\anyio\_backends\_asyncio.py", line 2485, in run_sync_in_worker_thread
    return await future
           ^^^^^^^^^^^^
  File "c:\Users\Thinkbook\Desktop\comparateur_prix\Authentificationgmail\.venv\Lib\site-packages\anyio\_backends\_asyncio.py", line 976, in run
    result = context.run(func, *args)
             ^^^^^^^^^^^^^^^^^^^^^^^^
  File "c:\Users\Thinkbook\Desktop\comparateur_prix\Authentificationgmail\backend\microservices\service3-alerts\app\main.py", line 164, in creer_alerte
    alerte = crud.creer_alerte(
             ^^^^^^^^^^^^^^^^^^
TypeError: creer_alerte() got an unexpected keyword argument 'prix_actuel'
INFO:     Started server process [12132]
INFO:     Waiting for application startup.
2026-04-27 16:38:52  INFO      app.main  Service 3 – Alertes de Prix démarré
2026-04-27 16:38:52  INFO      app.database  [DB] Table 'alerts' vérifiée/créée
2026-04-27 16:38:52  INFO      app.database  [DB] Connexion OK — 57782 produits trouvés dans la DB partagée
2026-04-27 16:38:52  INFO      apscheduler.scheduler  Adding job tentatively -- it will be properly scheduled when the scheduler starts
2026-04-27 16:38:52  INFO      apscheduler.scheduler  Added job "_start_scheduler.<locals>.job_verifier" to job store "default"
2026-04-27 16:38:52  INFO      apscheduler.scheduler  Scheduler started
2026-04-27 16:38:52  INFO      app.main  [scheduler] Vérification alertes planifiée à 03:30
INFO:     Application startup complete.
INFO:     Uvicorn running on http://0.0.0.0:8003 (Press CTRL+C to quit)
INFO:     Started server process [11116]
INFO:     Waiting for application startup.
2026-04-29 11:14:30  INFO      app.main  Service 3 – Alertes de Prix démarré
2026-04-29 11:14:30  INFO      app.database  [DB] Table 'alerts' vérifiée/créée
2026-04-29 11:14:30  INFO      app.database  [DB] Connexion OK — 58014 produits trouvés dans la DB partagée
2026-04-29 11:14:30  INFO      apscheduler.scheduler  Adding job tentatively -- it will be properly scheduled when the scheduler starts
2026-04-29 11:14:30  INFO      apscheduler.scheduler  Added job "_start_scheduler.<locals>.job_verifier" to job store "default"
2026-04-29 11:14:30  INFO      apscheduler.scheduler  Scheduler started
2026-04-29 11:14:30  INFO      app.main  [scheduler] Vérification alertes planifiée à 03:30
INFO:     Application startup complete.
INFO:     Uvicorn running on http://0.0.0.0:8003 (Press CTRL+C to quit)
INFO:     127.0.0.1:58586 - "OPTIONS /alerts HTTP/1.1" 200 OK
2026-04-29 11:18:43  INFO      app.crud  [alerts] Alerte créée id=48 user=1 product=7196 cible=6000.0
Confirmation envoyee a hamza.chikhe50@gmail.com pour alerte #48
INFO:     127.0.0.1:58586 - "POST /alerts HTTP/1.1" 201 Created
INFO:     127.0.0.1:59783 - "OPTIONS /alerts HTTP/1.1" 200 OK
2026-04-29 12:38:57  INFO      app.crud  [alerts] Alerte créée id=49 user=1 product=55720 cible=5000.0
Confirmation envoyee a hamza.chikhe50@gmail.com pour alerte #49
INFO:     127.0.0.1:59783 - "POST /alerts HTTP/1.1" 201 Created
INFO:     Started server process [15880]
INFO:     Waiting for application startup.
2026-04-30 11:41:29  INFO      app.main  Service 3 – Alertes de Prix démarré
2026-04-30 11:41:29  INFO      app.database  [DB] Table 'alerts' vérifiée/créée
2026-04-30 11:41:29  INFO      app.database  [DB] Connexion OK — 58341 produits trouvés dans la DB partagée
2026-04-30 11:41:29  INFO      apscheduler.scheduler  Adding job tentatively -- it will be properly scheduled when the scheduler starts
2026-04-30 11:41:29  INFO      apscheduler.scheduler  Added job "_start_scheduler.<locals>.job_verifier" to job store "default"
2026-04-30 11:41:29  INFO      apscheduler.scheduler  Scheduler started
2026-04-30 11:41:29  INFO      app.main  [scheduler] Vérification alertes planifiée à 03:30
INFO:     Application startup complete.
INFO:     Uvicorn running on http://0.0.0.0:8003 (Press CTRL+C to quit)
^CINFO:     Started server process [13548]
INFO:     Waiting for application startup.
2026-04-30 14:58:55  INFO      app.main  Service 3 – Alertes de Prix démarré
2026-04-30 14:58:59  INFO      app.database  [DB] Table 'alerts' vérifiée/créée
2026-04-30 14:59:00  INFO      app.database  [DB] Connexion OK — 58491 produits trouvés dans la DB partagée
2026-04-30 14:59:00  INFO      apscheduler.scheduler  Adding job tentatively -- it will be properly scheduled when the scheduler starts
2026-04-30 14:59:00  INFO      apscheduler.scheduler  Added job "_start_scheduler.<locals>.job_verifier" to job store "default"
2026-04-30 14:59:00  INFO      apscheduler.scheduler  Scheduler started
2026-04-30 14:59:00  INFO      app.main  [scheduler] Vérification alertes planifiée à 03:30
INFO:     Application startup complete.
INFO:     Uvicorn running on http://0.0.0.0:8003 (Press CTRL+C to quit)
INFO:     127.0.0.1:61768 - "OPTIONS /alerts HTTP/1.1" 200 OK
2026-04-30 15:07:38  INFO      app.crud  [alerts] Alerte créée id=50 user=1 product=8424 cible=120.0
Confirmation envoyee a hamza.chikhe50@gmail.com pour alerte #50
INFO:     127.0.0.1:61768 - "POST /alerts HTTP/1.1" 201 Created
INFO:     Started server process [8000]
INFO:     Waiting for application startup.
2026-05-04 13:29:41  INFO      app.main  Service 3 – Alertes de Prix démarré
2026-05-04 13:29:41  INFO      app.database  [DB] Table 'alerts' vérifiée/créée
2026-05-04 13:29:41  INFO      app.database  [DB] Connexion OK — 58491 produits trouvés dans la DB partagée
2026-05-04 13:29:41  INFO      apscheduler.scheduler  Adding job tentatively -- it will be properly scheduled when the scheduler starts
2026-05-04 13:29:41  INFO      apscheduler.scheduler  Added job "_start_scheduler.<locals>.job_verifier" to job store "default"
2026-05-04 13:29:41  INFO      apscheduler.scheduler  Scheduler started
2026-05-04 13:29:41  INFO      app.main  [scheduler] Vérification alertes planifiée à 03:30
INFO:     Application startup complete.
INFO:     Uvicorn running on http://0.0.0.0:8003 (Press CTRL+C to quit)
INFO:     Started server process [22544]
INFO:     Waiting for application startup.
2026-05-07 14:05:45  INFO      app.main  Service 3 – Alertes de Prix démarré
2026-05-07 14:05:45  INFO      app.database  [DB] Table 'alerts' vérifiée/créée
2026-05-07 14:05:45  INFO      app.database  [DB] Connexion OK — 58892 produits trouvés dans la DB partagée
2026-05-07 14:05:45  INFO      apscheduler.scheduler  Adding job tentatively -- it will be properly scheduled when the scheduler starts
2026-05-07 14:05:45  INFO      apscheduler.scheduler  Added job "_start_scheduler.<locals>.job_verifier" to job store "default"
2026-05-07 14:05:45  INFO      apscheduler.scheduler  Scheduler started
2026-05-07 14:05:45  INFO      app.main  [scheduler] Vérification alertes planifiée à 03:30
INFO:     Application startup complete.
INFO:     Uvicorn running on http://0.0.0.0:8003 (Press CTRL+C to quit)
INFO:     127.0.0.1:64692 - "OPTIONS /alerts HTTP/1.1" 200 OK
2026-05-07 14:31:32  INFO      app.crud  [alerts] Alerte créée id=51 user=1 product=7746 cible=50.0
Confirmation envoyee a hamza.chikhe50@gmail.com pour alerte #51
INFO:     127.0.0.1:64692 - "POST /alerts HTTP/1.1" 201 Created
INFO:     Started server process [3904]
INFO:     Waiting for application startup.
2026-05-08 14:04:58  INFO      app.main  Service 3 – Alertes de Prix démarré
2026-05-08 14:04:59  INFO      app.database  [DB] Table 'alerts' vérifiée/créée
2026-05-08 14:04:59  INFO      app.database  [DB] Connexion OK — 59623 produits trouvés dans la DB partagée
2026-05-08 14:04:59  INFO      apscheduler.scheduler  Adding job tentatively -- it will be properly scheduled when the scheduler starts
2026-05-08 14:04:59  INFO      apscheduler.scheduler  Added job "_start_scheduler.<locals>.job_verifier" to job store "default"
2026-05-08 14:04:59  INFO      apscheduler.scheduler  Scheduler started
2026-05-08 14:04:59  INFO      app.main  [scheduler] Vérification alertes planifiée à 03:30
INFO:     Application startup complete.
INFO:     Uvicorn running on http://0.0.0.0:8003 (Press CTRL+C to quit)
INFO:     127.0.0.1:54080 - "OPTIONS /alerts HTTP/1.1" 200 OK
2026-05-08 14:15:20  INFO      app.crud  [alerts] Alerte créée id=52 user=1 product=8424 cible=122.0
Confirmation envoyee a hamza.chikhe50@gmail.com pour alerte #52
INFO:     127.0.0.1:54080 - "POST /alerts HTTP/1.1" 201 Created
INFO:     127.0.0.1:56336 - "GET /alerts?user_id=1&active_only=true&limit=1 HTTP/1.1" 200 OK
INFO:     127.0.0.1:50279 - "GET /alerts?user_id=1&active_only=true&limit=1 HTTP/1.1" 200 OK
INFO:     127.0.0.1:53015 - "GET /alerts?user_id=1&active_only=true&limit=1 HTTP/1.1" 200 OK
INFO:     127.0.0.1:60064 - "GET /alerts?user_id=1&active_only=true&limit=1 HTTP/1.1" 200 OK
INFO:     127.0.0.1:58705 - "GET /alerts?user_id=1&active_only=true&limit=1 HTTP/1.1" 200 OK
INFO:     127.0.0.1:58705 - "GET /alerts?user_id=1&limit=100 HTTP/1.1" 200 OK
INFO:     127.0.0.1:60298 - "GET /alerts?user_id=1&limit=100 HTTP/1.1" 200 OK
INFO:     127.0.0.1:56642 - "GET /alerts?user_id=1&active_only=true&limit=1 HTTP/1.1" 200 OK
INFO:     127.0.0.1:58275 - "GET /alerts?user_id=1&active_only=true&limit=1 HTTP/1.1" 200 OK
INFO:     127.0.0.1:60809 - "GET /alerts?user_id=1&active_only=true&limit=1 HTTP/1.1" 200 OK
INFO:     127.0.0.1:60742 - "GET /alerts?user_id=6&active_only=true&limit=1 HTTP/1.1" 200 OK
INFO:     127.0.0.1:60742 - "GET /alerts?user_id=6&limit=100 HTTP/1.1" 200 OK
INFO:     127.0.0.1:60742 - "GET /alerts?user_id=6&limit=100 HTTP/1.1" 200 OK
INFO:     127.0.0.1:54437 - "GET /alerts?user_id=17&active_only=true&limit=1 HTTP/1.1" 200 OK
INFO:     127.0.0.1:55994 - "GET /alerts?user_id=17&limit=100 HTTP/1.1" 200 OK
INFO:     127.0.0.1:55994 - "GET /alerts?user_id=17&limit=100 HTTP/1.1" 200 OK
INFO:     127.0.0.1:62899 - "GET /alerts?user_id=17&active_only=true&limit=1 HTTP/1.1" 200 OK
INFO:     127.0.0.1:59894 - "GET /alerts?user_id=17&active_only=true&limit=1 HTTP/1.1" 200 OK
INFO:     127.0.0.1:50561 - "GET /alerts?user_id=16&active_only=true&limit=1 HTTP/1.1" 200 OK
INFO:     127.0.0.1:49402 - "GET /alerts?user_id=16&limit=100 HTTP/1.1" 200 OK
INFO:     127.0.0.1:49402 - "GET /alerts?user_id=16&limit=100 HTTP/1.1" 200 OK
INFO:     127.0.0.1:53200 - "GET /alerts?user_id=16&active_only=true&limit=1 HTTP/1.1" 200 OK
INFO:     127.0.0.1:56495 - "GET /alerts?user_id=17&active_only=true&limit=1 HTTP/1.1" 200 OK
INFO:     127.0.0.1:62247 - "GET /alerts?user_id=17&active_only=true&limit=1 HTTP/1.1" 200 OK
INFO:     127.0.0.1:54662 - "GET /alerts?user_id=17&limit=100 HTTP/1.1" 200 OK
INFO:     127.0.0.1:54662 - "GET /alerts?user_id=17&limit=100 HTTP/1.1" 200 OK
INFO:     127.0.0.1:61130 - "OPTIONS /alerts HTTP/1.1" 200 OK
2026-05-08 14:59:23  INFO      app.crud  [alerts] Alerte créée id=53 user=17 product=47083 cible=2000.0
Confirmation envoyee a khaledbenyoussef1234@gmail.com pour alerte #53
INFO:     127.0.0.1:61130 - "POST /alerts HTTP/1.1" 201 Created
INFO:     127.0.0.1:61130 - "GET /alerts?user_id=17&limit=100 HTTP/1.1" 200 OK
INFO:     127.0.0.1:61378 - "GET /alerts?user_id=17&limit=100 HTTP/1.1" 200 OK
INFO:     127.0.0.1:61378 - "GET /alerts?user_id=17&active_only=true&limit=1 HTTP/1.1" 200 OK
INFO:     127.0.0.1:60481 - "GET /alerts?user_id=1&active_only=true&limit=1 HTTP/1.1" 200 OK
INFO:     127.0.0.1:60481 - "GET /alerts?user_id=1&limit=100 HTTP/1.1" 200 OK
INFO:     127.0.0.1:62419 - "GET /alerts?user_id=1&limit=100 HTTP/1.1" 200 OK
INFO:     127.0.0.1:59225 - "OPTIONS /alerts/36/deactivate HTTP/1.1" 200 OK
INFO:     127.0.0.1:59225 - "PATCH /alerts/36/deactivate HTTP/1.1" 200 OK
INFO:     127.0.0.1:59225 - "OPTIONS /alerts/36 HTTP/1.1" 200 OK
INFO:     127.0.0.1:59225 - "DELETE /alerts/36 HTTP/1.1" 200 OK
INFO:     127.0.0.1:59225 - "OPTIONS /alerts/43/deactivate HTTP/1.1" 200 OK
INFO:     127.0.0.1:59225 - "PATCH /alerts/43/deactivate HTTP/1.1" 200 OK
INFO:     127.0.0.1:59225 - "GET /alerts?user_id=1&active_only=true&limit=1 HTTP/1.1" 200 OK
INFO:     127.0.0.1:63154 - "GET /alerts?user_id=1&limit=100 HTTP/1.1" 200 OK
INFO:     127.0.0.1:63154 - "GET /alerts?user_id=1&limit=100 HTTP/1.1" 200 OK
INFO:     127.0.0.1:59225 - "GET /alerts?user_id=1&limit=100 HTTP/1.1" 200 OK
INFO:     127.0.0.1:61520 - "OPTIONS /alerts/43 HTTP/1.1" 200 OK
INFO:     127.0.0.1:61520 - "DELETE /alerts/43 HTTP/1.1" 200 OK
INFO:     127.0.0.1:50826 - "GET /alerts?user_id=1&active_only=true&limit=1 HTTP/1.1" 200 OK
INFO:     127.0.0.1:53398 - "OPTIONS /alerts/42 HTTP/1.1" 200 OK
INFO:     127.0.0.1:53398 - "DELETE /alerts/42 HTTP/1.1" 200 OK
INFO:     127.0.0.1:53398 - "GET /alerts?user_id=1&active_only=true&limit=1 HTTP/1.1" 200 OK
INFO:     127.0.0.1:53398 - "OPTIONS /alerts/41 HTTP/1.1" 200 OK
INFO:     127.0.0.1:53398 - "DELETE /alerts/41 HTTP/1.1" 200 OK
INFO:     127.0.0.1:58743 - "GET /alerts?user_id=1&active_only=true&limit=1 HTTP/1.1" 200 OK
INFO:     127.0.0.1:56639 - "GET /alerts?user_id=1&active_only=true&limit=1 HTTP/1.1" 200 OK
INFO:     127.0.0.1:56639 - "GET /alerts?user_id=1&active_only=true&limit=1 HTTP/1.1" 200 OK
INFO:     127.0.0.1:56639 - "GET /alerts?user_id=1&active_only=true&limit=1 HTTP/1.1" 200 OK
INFO:     127.0.0.1:59722 - "GET /alerts?user_id=1&active_only=true&limit=1 HTTP/1.1" 200 OK
INFO:     127.0.0.1:56947 - "GET /alerts?user_id=1&limit=100 HTTP/1.1" 200 OK
INFO:     127.0.0.1:56947 - "GET /alerts?user_id=1&limit=100 HTTP/1.1" 200 OK
2026-05-08 15:03:24  INFO      app.crud  [alerts] Vérification de 17 alertes actives
2026-05-08 15:03:24  INFO      app.crud  [alerts] \U0001f6a8 Alerte 34 déclenchée : 2175.0 DT <= 10000.0 DT
2026-05-08 15:03:24  INFO      app.crud  [alerts] Vérification de 17 alertes actives
2026-05-08 15:03:24  INFO      app.crud  [alerts] \U0001f6a8 Alerte 34 déclenchée : 2175.0 DT <= 10000.0 DT
2026-05-08 15:03:26  INFO      app.crud  [alerts] Vérification de 17 alertes actives
2026-05-08 15:03:26  INFO      app.crud  [alerts] \U0001f6a8 Alerte 34 déclenchée : 2175.0 DT <= 10000.0 DT
2026-05-08 15:03:26  INFO      app.crud  [alerts] Vérification de 17 alertes actives
2026-05-08 15:03:26  INFO      app.crud  [alerts] \U0001f6a8 Alerte 34 déclenchée : 2175.0 DT <= 10000.0 DT
2026-05-08 15:03:26  INFO      app.crud  [alerts] Vérification de 17 alertes actives
2026-05-08 15:03:26  INFO      app.crud  [alerts] \U0001f6a8 Alerte 34 déclenchée : 2175.0 DT <= 10000.0 DT
INFO:     127.0.0.1:56947 - "POST /alerts/verify HTTP/1.1" 500 Internal Server Error
ERROR:    Exception in ASGI application
Traceback (most recent call last):
  File "c:\Users\Thinkbook\Desktop\comparateur_prix\Authentificationgmail\backend\microservices\service3-alerts\app\email_service.py", line 93, in envoyer_alerte_prix
    print(f"\u2705 Email envoyé à {destinataire} pour '{product_name}'")
  File "C:\Users\Thinkbook\AppData\Local\Programs\Python\Python312\Lib\encodings\cp1252.py", line 19, in encode
    return codecs.charmap_encode(input,self.errors,encoding_table)[0]
           ^^^^^^^^^^^^^^^^^^^^^^^^^^^^^^^^^^^^^^^^^^^^^^^^^^^^^^^
UnicodeEncodeError: 'charmap' codec can't encode character '\u2705' in position 0: character maps to <undefined>

During handling of the above exception, another exception occurred:

Traceback (most recent call last):
  File "c:\Users\Thinkbook\Desktop\comparateur_prix\Authentificationgmail\.venv\Lib\site-packages\uvicorn\protocols\http\httptools_impl.py", line 409, in run_asgi
    result = await app(  # type: ignore[func-returns-value]
             ^^^^^^^^^^^^^^^^^^^^^^^^^^^^^^^^^^^^^^^^^^^^^^
  File "c:\Users\Thinkbook\Desktop\comparateur_prix\Authentificationgmail\.venv\Lib\site-packages\uvicorn\middleware\proxy_headers.py", line 60, in __call__
    return await self.app(scope, receive, send)
           ^^^^^^^^^^^^^^^^^^^^^^^^^^^^^^^^^^^^
  File "c:\Users\Thinkbook\Desktop\comparateur_prix\Authentificationgmail\.venv\Lib\site-packages\fastapi\applications.py", line 1134, in __call__
    await super().__call__(scope, receive, send)
  File "c:\Users\Thinkbook\Desktop\comparateur_prix\Authentificationgmail\.venv\Lib\site-packages\starlette\applications.py", line 107, in __call__
    await self.middleware_stack(scope, receive, send)
  File "c:\Users\Thinkbook\Desktop\comparateur_prix\Authentificationgmail\.venv\Lib\site-packages\starlette\middleware\errors.py", line 186, in __call__
    raise exc
  File "c:\Users\Thinkbook\Desktop\comparateur_prix\Authentificationgmail\.venv\Lib\site-packages\starlette\middleware\errors.py", line 164, in __call__
    await self.app(scope, receive, _send)
  File "c:\Users\Thinkbook\Desktop\comparateur_prix\Authentificationgmail\.venv\Lib\site-packages\starlette\middleware\cors.py", line 93, in __call__
    await self.simple_response(scope, receive, send, request_headers=headers)
  File "c:\Users\Thinkbook\Desktop\comparateur_prix\Authentificationgmail\.venv\Lib\site-packages\starlette\middleware\cors.py", line 144, in simple_response
    await self.app(scope, receive, send)
  File "c:\Users\Thinkbook\Desktop\comparateur_prix\Authentificationgmail\.venv\Lib\site-packages\starlette\middleware\exceptions.py", line 63, in __call__
    await wrap_app_handling_exceptions(self.app, conn)(scope, receive, send)
  File "c:\Users\Thinkbook\Desktop\comparateur_prix\Authentificationgmail\.venv\Lib\site-packages\starlette\_exception_handler.py", line 53, in wrapped_app
    raise exc
  File "c:\Users\Thinkbook\Desktop\comparateur_prix\Authentificationgmail\.venv\Lib\site-packages\starlette\_exception_handler.py", line 42, in wrapped_app
    await app(scope, receive, sender)
  File "c:\Users\Thinkbook\Desktop\comparateur_prix\Authentificationgmail\.venv\Lib\site-packages\fastapi\middleware\asyncexitstack.py", line 18, in __call__
    await self.app(scope, receive, send)
  File "c:\Users\Thinkbook\Desktop\comparateur_prix\Authentificationgmail\.venv\Lib\site-packages\starlette\routing.py", line 716, in __call__
    await self.middleware_stack(scope, receive, send)
  File "c:\Users\Thinkbook\Desktop\comparateur_prix\Authentificationgmail\.venv\Lib\site-packages\starlette\routing.py", line 736, in app
    await route.handle(scope, receive, send)
  File "c:\Users\Thinkbook\Desktop\comparateur_prix\Authentificationgmail\.venv\Lib\site-packages\starlette\routing.py", line 290, in handle
    await self.app(scope, receive, send)
  File "c:\Users\Thinkbook\Desktop\comparateur_prix\Authentificationgmail\.venv\Lib\site-packages\fastapi\routing.py", line 125, in app
    await wrap_app_handling_exceptions(app, request)(scope, receive, send)
  File "c:\Users\Thinkbook\Desktop\comparateur_prix\Authentificationgmail\.venv\Lib\site-packages\starlette\_exception_handler.py", line 53, in wrapped_app
    raise exc
  File "c:\Users\Thinkbook\Desktop\comparateur_prix\Authentificationgmail\.venv\Lib\site-packages\starlette\_exception_handler.py", line 42, in wrapped_app
    await app(scope, receive, sender)
  File "c:\Users\Thinkbook\Desktop\comparateur_prix\Authentificationgmail\.venv\Lib\site-packages\fastapi\routing.py", line 111, in app
    response = await f(request)
               ^^^^^^^^^^^^^^^^
  File "c:\Users\Thinkbook\Desktop\comparateur_prix\Authentificationgmail\.venv\Lib\site-packages\fastapi\routing.py", line 391, in app
    raw_response = await run_endpoint_function(
                   ^^^^^^^^^^^^^^^^^^^^^^^^^^^^
  File "c:\Users\Thinkbook\Desktop\comparateur_prix\Authentificationgmail\.venv\Lib\site-packages\fastapi\routing.py", line 292, in run_endpoint_function
    return await run_in_threadpool(dependant.call, **values)
           ^^^^^^^^^^^^^^^^^^^^^^^^^^^^^^^^^^^^^^^^^^^^^^^^^
  File "c:\Users\Thinkbook\Desktop\comparateur_prix\Authentificationgmail\.venv\Lib\site-packages\starlette\concurrency.py", line 32, in run_in_threadpool
    return await anyio.to_thread.run_sync(func)
           ^^^^^^^^^^^^^^^^^^^^^^^^^^^^^^^^^^^^
  File "c:\Users\Thinkbook\Desktop\comparateur_prix\Authentificationgmail\.venv\Lib\site-packages\anyio\to_thread.py", line 56, in run_sync
    return await get_async_backend().run_sync_in_worker_thread(
           ^^^^^^^^^^^^^^^^^^^^^^^^^^^^^^^^^^^^^^^^^^^^^^^^^^^^
  File "c:\Users\Thinkbook\Desktop\comparateur_prix\Authentificationgmail\.venv\Lib\site-packages\anyio\_backends\_asyncio.py", line 2485, in run_sync_in_worker_thread
    return await future
           ^^^^^^^^^^^^
  File "c:\Users\Thinkbook\Desktop\comparateur_prix\Authentificationgmail\.venv\Lib\site-packages\anyio\_backends\_asyncio.py", line 976, in run
    result = context.run(func, *args)
             ^^^^^^^^^^^^^^^^^^^^^^^^
  File "c:\Users\Thinkbook\Desktop\comparateur_prix\Authentificationgmail\backend\microservices\service3-alerts\app\main.py", line 285, in verifier_alertes_maintenant
    rapport = crud.verifier_alertes(db)
              ^^^^^^^^^^^^^^^^^^^^^^^^^
  File "c:\Users\Thinkbook\Desktop\comparateur_prix\Authentificationgmail\backend\microservices\service3-alerts\app\crud.py", line 143, in verifier_alertes
    succes = envoyer_alerte_prix(
             ^^^^^^^^^^^^^^^^^^^^
  File "c:\Users\Thinkbook\Desktop\comparateur_prix\Authentificationgmail\backend\microservices\service3-alerts\app\email_service.py", line 97, in envoyer_alerte_prix
    print(f"\u274c Erreur envoi email à {destinataire}: {e}")
  File "C:\Users\Thinkbook\AppData\Local\Programs\Python\Python312\Lib\encodings\cp1252.py", line 19, in encode
    return codecs.charmap_encode(input,self.errors,encoding_table)[0]
           ^^^^^^^^^^^^^^^^^^^^^^^^^^^^^^^^^^^^^^^^^^^^^^^^^^^^^^^
UnicodeEncodeError: 'charmap' codec can't encode character '\u274c' in position 0: character maps to <undefined>
INFO:     127.0.0.1:60736 - "POST /alerts/verify HTTP/1.1" 500 Internal Server Error
ERROR:    Exception in ASGI application
Traceback (most recent call last):
  File "c:\Users\Thinkbook\Desktop\comparateur_prix\Authentificationgmail\backend\microservices\service3-alerts\app\email_service.py", line 93, in envoyer_alerte_prix
    print(f"\u2705 Email envoyé à {destinataire} pour '{product_name}'")
  File "C:\Users\Thinkbook\AppData\Local\Programs\Python\Python312\Lib\encodings\cp1252.py", line 19, in encode
    return codecs.charmap_encode(input,self.errors,encoding_table)[0]
           ^^^^^^^^^^^^^^^^^^^^^^^^^^^^^^^^^^^^^^^^^^^^^^^^^^^^^^^
UnicodeEncodeError: 'charmap' codec can't encode character '\u2705' in position 0: character maps to <undefined>

During handling of the above exception, another exception occurred:

Traceback (most recent call last):
  File "c:\Users\Thinkbook\Desktop\comparateur_prix\Authentificationgmail\.venv\Lib\site-packages\uvicorn\protocols\http\httptools_impl.py", line 409, in run_asgi
    result = await app(  # type: ignore[func-returns-value]
             ^^^^^^^^^^^^^^^^^^^^^^^^^^^^^^^^^^^^^^^^^^^^^^
  File "c:\Users\Thinkbook\Desktop\comparateur_prix\Authentificationgmail\.venv\Lib\site-packages\uvicorn\middleware\proxy_headers.py", line 60, in __call__
    return await self.app(scope, receive, send)
           ^^^^^^^^^^^^^^^^^^^^^^^^^^^^^^^^^^^^
  File "c:\Users\Thinkbook\Desktop\comparateur_prix\Authentificationgmail\.venv\Lib\site-packages\fastapi\applications.py", line 1134, in __call__
    await super().__call__(scope, receive, send)
  File "c:\Users\Thinkbook\Desktop\comparateur_prix\Authentificationgmail\.venv\Lib\site-packages\starlette\applications.py", line 107, in __call__
    await self.middleware_stack(scope, receive, send)
  File "c:\Users\Thinkbook\Desktop\comparateur_prix\Authentificationgmail\.venv\Lib\site-packages\starlette\middleware\errors.py", line 186, in __call__
    raise exc
  File "c:\Users\Thinkbook\Desktop\comparateur_prix\Authentificationgmail\.venv\Lib\site-packages\starlette\middleware\errors.py", line 164, in __call__
    await self.app(scope, receive, _send)
  File "c:\Users\Thinkbook\Desktop\comparateur_prix\Authentificationgmail\.venv\Lib\site-packages\starlette\middleware\cors.py", line 93, in __call__
    await self.simple_response(scope, receive, send, request_headers=headers)
  File "c:\Users\Thinkbook\Desktop\comparateur_prix\Authentificationgmail\.venv\Lib\site-packages\starlette\middleware\cors.py", line 144, in simple_response
    await self.app(scope, receive, send)
  File "c:\Users\Thinkbook\Desktop\comparateur_prix\Authentificationgmail\.venv\Lib\site-packages\starlette\middleware\exceptions.py", line 63, in __call__
    await wrap_app_handling_exceptions(self.app, conn)(scope, receive, send)
  File "c:\Users\Thinkbook\Desktop\comparateur_prix\Authentificationgmail\.venv\Lib\site-packages\starlette\_exception_handler.py", line 53, in wrapped_app
    raise exc
  File "c:\Users\Thinkbook\Desktop\comparateur_prix\Authentificationgmail\.venv\Lib\site-packages\starlette\_exception_handler.py", line 42, in wrapped_app
    await app(scope, receive, sender)
  File "c:\Users\Thinkbook\Desktop\comparateur_prix\Authentificationgmail\.venv\Lib\site-packages\fastapi\middleware\asyncexitstack.py", line 18, in __call__
    await self.app(scope, receive, send)
  File "c:\Users\Thinkbook\Desktop\comparateur_prix\Authentificationgmail\.venv\Lib\site-packages\starlette\routing.py", line 716, in __call__
    await self.middleware_stack(scope, receive, send)
  File "c:\Users\Thinkbook\Desktop\comparateur_prix\Authentificationgmail\.venv\Lib\site-packages\starlette\routing.py", line 736, in app
    await route.handle(scope, receive, send)
  File "c:\Users\Thinkbook\Desktop\comparateur_prix\Authentificationgmail\.venv\Lib\site-packages\starlette\routing.py", line 290, in handle
    await self.app(scope, receive, send)
  File "c:\Users\Thinkbook\Desktop\comparateur_prix\Authentificationgmail\.venv\Lib\site-packages\fastapi\routing.py", line 125, in app
    await wrap_app_handling_exceptions(app, request)(scope, receive, send)
  File "c:\Users\Thinkbook\Desktop\comparateur_prix\Authentificationgmail\.venv\Lib\site-packages\starlette\_exception_handler.py", line 53, in wrapped_app
    raise exc
  File "c:\Users\Thinkbook\Desktop\comparateur_prix\Authentificationgmail\.venv\Lib\site-packages\starlette\_exception_handler.py", line 42, in wrapped_app
    await app(scope, receive, sender)
  File "c:\Users\Thinkbook\Desktop\comparateur_prix\Authentificationgmail\.venv\Lib\site-packages\fastapi\routing.py", line 111, in app
    response = await f(request)
               ^^^^^^^^^^^^^^^^
  File "c:\Users\Thinkbook\Desktop\comparateur_prix\Authentificationgmail\.venv\Lib\site-packages\fastapi\routing.py", line 391, in app
    raw_response = await run_endpoint_function(
                   ^^^^^^^^^^^^^^^^^^^^^^^^^^^^
  File "c:\Users\Thinkbook\Desktop\comparateur_prix\Authentificationgmail\.venv\Lib\site-packages\fastapi\routing.py", line 292, in run_endpoint_function
    return await run_in_threadpool(dependant.call, **values)
           ^^^^^^^^^^^^^^^^^^^^^^^^^^^^^^^^^^^^^^^^^^^^^^^^^
  File "c:\Users\Thinkbook\Desktop\comparateur_prix\Authentificationgmail\.venv\Lib\site-packages\starlette\concurrency.py", line 32, in run_in_threadpool
    return await anyio.to_thread.run_sync(func)
           ^^^^^^^^^^^^^^^^^^^^^^^^^^^^^^^^^^^^
  File "c:\Users\Thinkbook\Desktop\comparateur_prix\Authentificationgmail\.venv\Lib\site-packages\anyio\to_thread.py", line 56, in run_sync
    return await get_async_backend().run_sync_in_worker_thread(
           ^^^^^^^^^^^^^^^^^^^^^^^^^^^^^^^^^^^^^^^^^^^^^^^^^^^^
  File "c:\Users\Thinkbook\Desktop\comparateur_prix\Authentificationgmail\.venv\Lib\site-packages\anyio\_backends\_asyncio.py", line 2485, in run_sync_in_worker_thread
    return await future
           ^^^^^^^^^^^^
  File "c:\Users\Thinkbook\Desktop\comparateur_prix\Authentificationgmail\.venv\Lib\site-packages\anyio\_backends\_asyncio.py", line 976, in run
    result = context.run(func, *args)
             ^^^^^^^^^^^^^^^^^^^^^^^^
  File "c:\Users\Thinkbook\Desktop\comparateur_prix\Authentificationgmail\backend\microservices\service3-alerts\app\main.py", line 285, in verifier_alertes_maintenant
    rapport = crud.verifier_alertes(db)
              ^^^^^^^^^^^^^^^^^^^^^^^^^
  File "c:\Users\Thinkbook\Desktop\comparateur_prix\Authentificationgmail\backend\microservices\service3-alerts\app\crud.py", line 143, in verifier_alertes
    succes = envoyer_alerte_prix(
             ^^^^^^^^^^^^^^^^^^^^
  File "c:\Users\Thinkbook\Desktop\comparateur_prix\Authentificationgmail\backend\microservices\service3-alerts\app\email_service.py", line 97, in envoyer_alerte_prix
    print(f"\u274c Erreur envoi email à {destinataire}: {e}")
  File "C:\Users\Thinkbook\AppData\Local\Programs\Python\Python312\Lib\encodings\cp1252.py", line 19, in encode
    return codecs.charmap_encode(input,self.errors,encoding_table)[0]
           ^^^^^^^^^^^^^^^^^^^^^^^^^^^^^^^^^^^^^^^^^^^^^^^^^^^^^^^
UnicodeEncodeError: 'charmap' codec can't encode character '\u274c' in position 0: character maps to <undefined>
INFO:     127.0.0.1:54155 - "POST /alerts/verify HTTP/1.1" 500 Internal Server Error
ERROR:    Exception in ASGI application
Traceback (most recent call last):
  File "c:\Users\Thinkbook\Desktop\comparateur_prix\Authentificationgmail\backend\microservices\service3-alerts\app\email_service.py", line 93, in envoyer_alerte_prix
    print(f"\u2705 Email envoyé à {destinataire} pour '{product_name}'")
  File "C:\Users\Thinkbook\AppData\Local\Programs\Python\Python312\Lib\encodings\cp1252.py", line 19, in encode
    return codecs.charmap_encode(input,self.errors,encoding_table)[0]
           ^^^^^^^^^^^^^^^^^^^^^^^^^^^^^^^^^^^^^^^^^^^^^^^^^^^^^^^
UnicodeEncodeError: 'charmap' codec can't encode character '\u2705' in position 0: character maps to <undefined>

During handling of the above exception, another exception occurred:

Traceback (most recent call last):
  File "c:\Users\Thinkbook\Desktop\comparateur_prix\Authentificationgmail\.venv\Lib\site-packages\uvicorn\protocols\http\httptools_impl.py", line 409, in run_asgi
    result = await app(  # type: ignore[func-returns-value]
             ^^^^^^^^^^^^^^^^^^^^^^^^^^^^^^^^^^^^^^^^^^^^^^
  File "c:\Users\Thinkbook\Desktop\comparateur_prix\Authentificationgmail\.venv\Lib\site-packages\uvicorn\middleware\proxy_headers.py", line 60, in __call__
    return await self.app(scope, receive, send)
           ^^^^^^^^^^^^^^^^^^^^^^^^^^^^^^^^^^^^
  File "c:\Users\Thinkbook\Desktop\comparateur_prix\Authentificationgmail\.venv\Lib\site-packages\fastapi\applications.py", line 1134, in __call__
    await super().__call__(scope, receive, send)
  File "c:\Users\Thinkbook\Desktop\comparateur_prix\Authentificationgmail\.venv\Lib\site-packages\starlette\applications.py", line 107, in __call__
    await self.middleware_stack(scope, receive, send)
  File "c:\Users\Thinkbook\Desktop\comparateur_prix\Authentificationgmail\.venv\Lib\site-packages\starlette\middleware\errors.py", line 186, in __call__
    raise exc
  File "c:\Users\Thinkbook\Desktop\comparateur_prix\Authentificationgmail\.venv\Lib\site-packages\starlette\middleware\errors.py", line 164, in __call__
    await self.app(scope, receive, _send)
  File "c:\Users\Thinkbook\Desktop\comparateur_prix\Authentificationgmail\.venv\Lib\site-packages\starlette\middleware\cors.py", line 93, in __call__
    await self.simple_response(scope, receive, send, request_headers=headers)
  File "c:\Users\Thinkbook\Desktop\comparateur_prix\Authentificationgmail\.venv\Lib\site-packages\starlette\middleware\cors.py", line 144, in simple_response
    await self.app(scope, receive, send)
  File "c:\Users\Thinkbook\Desktop\comparateur_prix\Authentificationgmail\.venv\Lib\site-packages\starlette\middleware\exceptions.py", line 63, in __call__
    await wrap_app_handling_exceptions(self.app, conn)(scope, receive, send)
  File "c:\Users\Thinkbook\Desktop\comparateur_prix\Authentificationgmail\.venv\Lib\site-packages\starlette\_exception_handler.py", line 53, in wrapped_app
    raise exc
  File "c:\Users\Thinkbook\Desktop\comparateur_prix\Authentificationgmail\.venv\Lib\site-packages\starlette\_exception_handler.py", line 42, in wrapped_app
    await app(scope, receive, sender)
  File "c:\Users\Thinkbook\Desktop\comparateur_prix\Authentificationgmail\.venv\Lib\site-packages\fastapi\middleware\asyncexitstack.py", line 18, in __call__
    await self.app(scope, receive, send)
  File "c:\Users\Thinkbook\Desktop\comparateur_prix\Authentificationgmail\.venv\Lib\site-packages\starlette\routing.py", line 716, in __call__
    await self.middleware_stack(scope, receive, send)
  File "c:\Users\Thinkbook\Desktop\comparateur_prix\Authentificationgmail\.venv\Lib\site-packages\starlette\routing.py", line 736, in app
    await route.handle(scope, receive, send)
  File "c:\Users\Thinkbook\Desktop\comparateur_prix\Authentificationgmail\.venv\Lib\site-packages\starlette\routing.py", line 290, in handle
    await self.app(scope, receive, send)
  File "c:\Users\Thinkbook\Desktop\comparateur_prix\Authentificationgmail\.venv\Lib\site-packages\fastapi\routing.py", line 125, in app
    await wrap_app_handling_exceptions(app, request)(scope, receive, send)
  File "c:\Users\Thinkbook\Desktop\comparateur_prix\Authentificationgmail\.venv\Lib\site-packages\starlette\_exception_handler.py", line 53, in wrapped_app
    raise exc
  File "c:\Users\Thinkbook\Desktop\comparateur_prix\Authentificationgmail\.venv\Lib\site-packages\starlette\_exception_handler.py", line 42, in wrapped_app
    await app(scope, receive, sender)
  File "c:\Users\Thinkbook\Desktop\comparateur_prix\Authentificationgmail\.venv\Lib\site-packages\fastapi\routing.py", line 111, in app
    response = await f(request)
               ^^^^^^^^^^^^^^^^
  File "c:\Users\Thinkbook\Desktop\comparateur_prix\Authentificationgmail\.venv\Lib\site-packages\fastapi\routing.py", line 391, in app
    raw_response = await run_endpoint_function(
                   ^^^^^^^^^^^^^^^^^^^^^^^^^^^^
  File "c:\Users\Thinkbook\Desktop\comparateur_prix\Authentificationgmail\.venv\Lib\site-packages\fastapi\routing.py", line 292, in run_endpoint_function
    return await run_in_threadpool(dependant.call, **values)
           ^^^^^^^^^^^^^^^^^^^^^^^^^^^^^^^^^^^^^^^^^^^^^^^^^
  File "c:\Users\Thinkbook\Desktop\comparateur_prix\Authentificationgmail\.venv\Lib\site-packages\starlette\concurrency.py", line 32, in run_in_threadpool
    return await anyio.to_thread.run_sync(func)
           ^^^^^^^^^^^^^^^^^^^^^^^^^^^^^^^^^^^^
  File "c:\Users\Thinkbook\Desktop\comparateur_prix\Authentificationgmail\.venv\Lib\site-packages\anyio\to_thread.py", line 56, in run_sync
    return await get_async_backend().run_sync_in_worker_thread(
           ^^^^^^^^^^^^^^^^^^^^^^^^^^^^^^^^^^^^^^^^^^^^^^^^^^^^
  File "c:\Users\Thinkbook\Desktop\comparateur_prix\Authentificationgmail\.venv\Lib\site-packages\anyio\_backends\_asyncio.py", line 2485, in run_sync_in_worker_thread
    return await future
           ^^^^^^^^^^^^
  File "c:\Users\Thinkbook\Desktop\comparateur_prix\Authentificationgmail\.venv\Lib\site-packages\anyio\_backends\_asyncio.py", line 976, in run
    result = context.run(func, *args)
             ^^^^^^^^^^^^^^^^^^^^^^^^
  File "c:\Users\Thinkbook\Desktop\comparateur_prix\Authentificationgmail\backend\microservices\service3-alerts\app\main.py", line 285, in verifier_alertes_maintenant
    rapport = crud.verifier_alertes(db)
              ^^^^^^^^^^^^^^^^^^^^^^^^^
  File "c:\Users\Thinkbook\Desktop\comparateur_prix\Authentificationgmail\backend\microservices\service3-alerts\app\crud.py", line 143, in verifier_alertes
    succes = envoyer_alerte_prix(
             ^^^^^^^^^^^^^^^^^^^^
  File "c:\Users\Thinkbook\Desktop\comparateur_prix\Authentificationgmail\backend\microservices\service3-alerts\app\email_service.py", line 97, in envoyer_alerte_prix
    print(f"\u274c Erreur envoi email à {destinataire}: {e}")
  File "C:\Users\Thinkbook\AppData\Local\Programs\Python\Python312\Lib\encodings\cp1252.py", line 19, in encode
    return codecs.charmap_encode(input,self.errors,encoding_table)[0]
           ^^^^^^^^^^^^^^^^^^^^^^^^^^^^^^^^^^^^^^^^^^^^^^^^^^^^^^^
UnicodeEncodeError: 'charmap' codec can't encode character '\u274c' in position 0: character maps to <undefined>
INFO:     127.0.0.1:54145 - "POST /alerts/verify HTTP/1.1" 500 Internal Server Error
ERROR:    Exception in ASGI application
Traceback (most recent call last):
  File "c:\Users\Thinkbook\Desktop\comparateur_prix\Authentificationgmail\backend\microservices\service3-alerts\app\email_service.py", line 93, in envoyer_alerte_prix
    print(f"\u2705 Email envoyé à {destinataire} pour '{product_name}'")
  File "C:\Users\Thinkbook\AppData\Local\Programs\Python\Python312\Lib\encodings\cp1252.py", line 19, in encode
    return codecs.charmap_encode(input,self.errors,encoding_table)[0]
           ^^^^^^^^^^^^^^^^^^^^^^^^^^^^^^^^^^^^^^^^^^^^^^^^^^^^^^^
UnicodeEncodeError: 'charmap' codec can't encode character '\u2705' in position 0: character maps to <undefined>

During handling of the above exception, another exception occurred:

Traceback (most recent call last):
  File "c:\Users\Thinkbook\Desktop\comparateur_prix\Authentificationgmail\.venv\Lib\site-packages\uvicorn\protocols\http\httptools_impl.py", line 409, in run_asgi
    result = await app(  # type: ignore[func-returns-value]
             ^^^^^^^^^^^^^^^^^^^^^^^^^^^^^^^^^^^^^^^^^^^^^^
  File "c:\Users\Thinkbook\Desktop\comparateur_prix\Authentificationgmail\.venv\Lib\site-packages\uvicorn\middleware\proxy_headers.py", line 60, in __call__
    return await self.app(scope, receive, send)
           ^^^^^^^^^^^^^^^^^^^^^^^^^^^^^^^^^^^^
  File "c:\Users\Thinkbook\Desktop\comparateur_prix\Authentificationgmail\.venv\Lib\site-packages\fastapi\applications.py", line 1134, in __call__
    await super().__call__(scope, receive, send)
  File "c:\Users\Thinkbook\Desktop\comparateur_prix\Authentificationgmail\.venv\Lib\site-packages\starlette\applications.py", line 107, in __call__
    await self.middleware_stack(scope, receive, send)
  File "c:\Users\Thinkbook\Desktop\comparateur_prix\Authentificationgmail\.venv\Lib\site-packages\starlette\middleware\errors.py", line 186, in __call__
    raise exc
  File "c:\Users\Thinkbook\Desktop\comparateur_prix\Authentificationgmail\.venv\Lib\site-packages\starlette\middleware\errors.py", line 164, in __call__
    await self.app(scope, receive, _send)
  File "c:\Users\Thinkbook\Desktop\comparateur_prix\Authentificationgmail\.venv\Lib\site-packages\starlette\middleware\cors.py", line 93, in __call__
    await self.simple_response(scope, receive, send, request_headers=headers)
  File "c:\Users\Thinkbook\Desktop\comparateur_prix\Authentificationgmail\.venv\Lib\site-packages\starlette\middleware\cors.py", line 144, in simple_response
    await self.app(scope, receive, send)
  File "c:\Users\Thinkbook\Desktop\comparateur_prix\Authentificationgmail\.venv\Lib\site-packages\starlette\middleware\exceptions.py", line 63, in __call__
    await wrap_app_handling_exceptions(self.app, conn)(scope, receive, send)
  File "c:\Users\Thinkbook\Desktop\comparateur_prix\Authentificationgmail\.venv\Lib\site-packages\starlette\_exception_handler.py", line 53, in wrapped_app
    raise exc
  File "c:\Users\Thinkbook\Desktop\comparateur_prix\Authentificationgmail\.venv\Lib\site-packages\starlette\_exception_handler.py", line 42, in wrapped_app
    await app(scope, receive, sender)
  File "c:\Users\Thinkbook\Desktop\comparateur_prix\Authentificationgmail\.venv\Lib\site-packages\fastapi\middleware\asyncexitstack.py", line 18, in __call__
    await self.app(scope, receive, send)
  File "c:\Users\Thinkbook\Desktop\comparateur_prix\Authentificationgmail\.venv\Lib\site-packages\starlette\routing.py", line 716, in __call__
    await self.middleware_stack(scope, receive, send)
  File "c:\Users\Thinkbook\Desktop\comparateur_prix\Authentificationgmail\.venv\Lib\site-packages\starlette\routing.py", line 736, in app
    await route.handle(scope, receive, send)
  File "c:\Users\Thinkbook\Desktop\comparateur_prix\Authentificationgmail\.venv\Lib\site-packages\starlette\routing.py", line 290, in handle
    await self.app(scope, receive, send)
  File "c:\Users\Thinkbook\Desktop\comparateur_prix\Authentificationgmail\.venv\Lib\site-packages\fastapi\routing.py", line 125, in app
    await wrap_app_handling_exceptions(app, request)(scope, receive, send)
  File "c:\Users\Thinkbook\Desktop\comparateur_prix\Authentificationgmail\.venv\Lib\site-packages\starlette\_exception_handler.py", line 53, in wrapped_app
    raise exc
  File "c:\Users\Thinkbook\Desktop\comparateur_prix\Authentificationgmail\.venv\Lib\site-packages\starlette\_exception_handler.py", line 42, in wrapped_app
    await app(scope, receive, sender)
  File "c:\Users\Thinkbook\Desktop\comparateur_prix\Authentificationgmail\.venv\Lib\site-packages\fastapi\routing.py", line 111, in app
    response = await f(request)
               ^^^^^^^^^^^^^^^^
  File "c:\Users\Thinkbook\Desktop\comparateur_prix\Authentificationgmail\.venv\Lib\site-packages\fastapi\routing.py", line 391, in app
    raw_response = await run_endpoint_function(
                   ^^^^^^^^^^^^^^^^^^^^^^^^^^^^
  File "c:\Users\Thinkbook\Desktop\comparateur_prix\Authentificationgmail\.venv\Lib\site-packages\fastapi\routing.py", line 292, in run_endpoint_function
    return await run_in_threadpool(dependant.call, **values)
           ^^^^^^^^^^^^^^^^^^^^^^^^^^^^^^^^^^^^^^^^^^^^^^^^^
  File "c:\Users\Thinkbook\Desktop\comparateur_prix\Authentificationgmail\.venv\Lib\site-packages\starlette\concurrency.py", line 32, in run_in_threadpool
    return await anyio.to_thread.run_sync(func)
           ^^^^^^^^^^^^^^^^^^^^^^^^^^^^^^^^^^^^
  File "c:\Users\Thinkbook\Desktop\comparateur_prix\Authentificationgmail\.venv\Lib\site-packages\anyio\to_thread.py", line 56, in run_sync
    return await get_async_backend().run_sync_in_worker_thread(
           ^^^^^^^^^^^^^^^^^^^^^^^^^^^^^^^^^^^^^^^^^^^^^^^^^^^^
  File "c:\Users\Thinkbook\Desktop\comparateur_prix\Authentificationgmail\.venv\Lib\site-packages\anyio\_backends\_asyncio.py", line 2485, in run_sync_in_worker_thread
    return await future
           ^^^^^^^^^^^^
  File "c:\Users\Thinkbook\Desktop\comparateur_prix\Authentificationgmail\.venv\Lib\site-packages\anyio\_backends\_asyncio.py", line 976, in run
    result = context.run(func, *args)
             ^^^^^^^^^^^^^^^^^^^^^^^^
  File "c:\Users\Thinkbook\Desktop\comparateur_prix\Authentificationgmail\backend\microservices\service3-alerts\app\main.py", line 285, in verifier_alertes_maintenant
    rapport = crud.verifier_alertes(db)
              ^^^^^^^^^^^^^^^^^^^^^^^^^
  File "c:\Users\Thinkbook\Desktop\comparateur_prix\Authentificationgmail\backend\microservices\service3-alerts\app\crud.py", line 143, in verifier_alertes
    succes = envoyer_alerte_prix(
             ^^^^^^^^^^^^^^^^^^^^
  File "c:\Users\Thinkbook\Desktop\comparateur_prix\Authentificationgmail\backend\microservices\service3-alerts\app\email_service.py", line 97, in envoyer_alerte_prix
    print(f"\u274c Erreur envoi email à {destinataire}: {e}")
  File "C:\Users\Thinkbook\AppData\Local\Programs\Python\Python312\Lib\encodings\cp1252.py", line 19, in encode
    return codecs.charmap_encode(input,self.errors,encoding_table)[0]
           ^^^^^^^^^^^^^^^^^^^^^^^^^^^^^^^^^^^^^^^^^^^^^^^^^^^^^^^
UnicodeEncodeError: 'charmap' codec can't encode character '\u274c' in position 0: character maps to <undefined>
INFO:     127.0.0.1:52737 - "POST /alerts/verify HTTP/1.1" 500 Internal Server Error
ERROR:    Exception in ASGI application
Traceback (most recent call last):
  File "c:\Users\Thinkbook\Desktop\comparateur_prix\Authentificationgmail\backend\microservices\service3-alerts\app\email_service.py", line 93, in envoyer_alerte_prix
    print(f"\u2705 Email envoyé à {destinataire} pour '{product_name}'")
  File "C:\Users\Thinkbook\AppData\Local\Programs\Python\Python312\Lib\encodings\cp1252.py", line 19, in encode
    return codecs.charmap_encode(input,self.errors,encoding_table)[0]
           ^^^^^^^^^^^^^^^^^^^^^^^^^^^^^^^^^^^^^^^^^^^^^^^^^^^^^^^
UnicodeEncodeError: 'charmap' codec can't encode character '\u2705' in position 0: character maps to <undefined>

During handling of the above exception, another exception occurred:

Traceback (most recent call last):
  File "c:\Users\Thinkbook\Desktop\comparateur_prix\Authentificationgmail\.venv\Lib\site-packages\uvicorn\protocols\http\httptools_impl.py", line 409, in run_asgi
    result = await app(  # type: ignore[func-returns-value]
             ^^^^^^^^^^^^^^^^^^^^^^^^^^^^^^^^^^^^^^^^^^^^^^
  File "c:\Users\Thinkbook\Desktop\comparateur_prix\Authentificationgmail\.venv\Lib\site-packages\uvicorn\middleware\proxy_headers.py", line 60, in __call__
    return await self.app(scope, receive, send)
           ^^^^^^^^^^^^^^^^^^^^^^^^^^^^^^^^^^^^
  File "c:\Users\Thinkbook\Desktop\comparateur_prix\Authentificationgmail\.venv\Lib\site-packages\fastapi\applications.py", line 1134, in __call__
    await super().__call__(scope, receive, send)
  File "c:\Users\Thinkbook\Desktop\comparateur_prix\Authentificationgmail\.venv\Lib\site-packages\starlette\applications.py", line 107, in __call__
    await self.middleware_stack(scope, receive, send)
  File "c:\Users\Thinkbook\Desktop\comparateur_prix\Authentificationgmail\.venv\Lib\site-packages\starlette\middleware\errors.py", line 186, in __call__
    raise exc
  File "c:\Users\Thinkbook\Desktop\comparateur_prix\Authentificationgmail\.venv\Lib\site-packages\starlette\middleware\errors.py", line 164, in __call__
    await self.app(scope, receive, _send)
  File "c:\Users\Thinkbook\Desktop\comparateur_prix\Authentificationgmail\.venv\Lib\site-packages\starlette\middleware\cors.py", line 93, in __call__
    await self.simple_response(scope, receive, send, request_headers=headers)
  File "c:\Users\Thinkbook\Desktop\comparateur_prix\Authentificationgmail\.venv\Lib\site-packages\starlette\middleware\cors.py", line 144, in simple_response
    await self.app(scope, receive, send)
  File "c:\Users\Thinkbook\Desktop\comparateur_prix\Authentificationgmail\.venv\Lib\site-packages\starlette\middleware\exceptions.py", line 63, in __call__
    await wrap_app_handling_exceptions(self.app, conn)(scope, receive, send)
  File "c:\Users\Thinkbook\Desktop\comparateur_prix\Authentificationgmail\.venv\Lib\site-packages\starlette\_exception_handler.py", line 53, in wrapped_app
    raise exc
  File "c:\Users\Thinkbook\Desktop\comparateur_prix\Authentificationgmail\.venv\Lib\site-packages\starlette\_exception_handler.py", line 42, in wrapped_app
    await app(scope, receive, sender)
  File "c:\Users\Thinkbook\Desktop\comparateur_prix\Authentificationgmail\.venv\Lib\site-packages\fastapi\middleware\asyncexitstack.py", line 18, in __call__
    await self.app(scope, receive, send)
  File "c:\Users\Thinkbook\Desktop\comparateur_prix\Authentificationgmail\.venv\Lib\site-packages\starlette\routing.py", line 716, in __call__
    await self.middleware_stack(scope, receive, send)
  File "c:\Users\Thinkbook\Desktop\comparateur_prix\Authentificationgmail\.venv\Lib\site-packages\starlette\routing.py", line 736, in app
    await route.handle(scope, receive, send)
  File "c:\Users\Thinkbook\Desktop\comparateur_prix\Authentificationgmail\.venv\Lib\site-packages\starlette\routing.py", line 290, in handle
    await self.app(scope, receive, send)
  File "c:\Users\Thinkbook\Desktop\comparateur_prix\Authentificationgmail\.venv\Lib\site-packages\fastapi\routing.py", line 125, in app
    await wrap_app_handling_exceptions(app, request)(scope, receive, send)
  File "c:\Users\Thinkbook\Desktop\comparateur_prix\Authentificationgmail\.venv\Lib\site-packages\starlette\_exception_handler.py", line 53, in wrapped_app
    raise exc
  File "c:\Users\Thinkbook\Desktop\comparateur_prix\Authentificationgmail\.venv\Lib\site-packages\starlette\_exception_handler.py", line 42, in wrapped_app
    await app(scope, receive, sender)
  File "c:\Users\Thinkbook\Desktop\comparateur_prix\Authentificationgmail\.venv\Lib\site-packages\fastapi\routing.py", line 111, in app
    response = await f(request)
               ^^^^^^^^^^^^^^^^
  File "c:\Users\Thinkbook\Desktop\comparateur_prix\Authentificationgmail\.venv\Lib\site-packages\fastapi\routing.py", line 391, in app
    raw_response = await run_endpoint_function(
                   ^^^^^^^^^^^^^^^^^^^^^^^^^^^^
  File "c:\Users\Thinkbook\Desktop\comparateur_prix\Authentificationgmail\.venv\Lib\site-packages\fastapi\routing.py", line 292, in run_endpoint_function
    return await run_in_threadpool(dependant.call, **values)
           ^^^^^^^^^^^^^^^^^^^^^^^^^^^^^^^^^^^^^^^^^^^^^^^^^
  File "c:\Users\Thinkbook\Desktop\comparateur_prix\Authentificationgmail\.venv\Lib\site-packages\starlette\concurrency.py", line 32, in run_in_threadpool
    return await anyio.to_thread.run_sync(func)
           ^^^^^^^^^^^^^^^^^^^^^^^^^^^^^^^^^^^^
  File "c:\Users\Thinkbook\Desktop\comparateur_prix\Authentificationgmail\.venv\Lib\site-packages\anyio\to_thread.py", line 56, in run_sync
    return await get_async_backend().run_sync_in_worker_thread(
           ^^^^^^^^^^^^^^^^^^^^^^^^^^^^^^^^^^^^^^^^^^^^^^^^^^^^
  File "c:\Users\Thinkbook\Desktop\comparateur_prix\Authentificationgmail\.venv\Lib\site-packages\anyio\_backends\_asyncio.py", line 2485, in run_sync_in_worker_thread
    return await future
           ^^^^^^^^^^^^
  File "c:\Users\Thinkbook\Desktop\comparateur_prix\Authentificationgmail\.venv\Lib\site-packages\anyio\_backends\_asyncio.py", line 976, in run
    result = context.run(func, *args)
             ^^^^^^^^^^^^^^^^^^^^^^^^
  File "c:\Users\Thinkbook\Desktop\comparateur_prix\Authentificationgmail\backend\microservices\service3-alerts\app\main.py", line 285, in verifier_alertes_maintenant
    rapport = crud.verifier_alertes(db)
              ^^^^^^^^^^^^^^^^^^^^^^^^^
  File "c:\Users\Thinkbook\Desktop\comparateur_prix\Authentificationgmail\backend\microservices\service3-alerts\app\crud.py", line 143, in verifier_alertes
    succes = envoyer_alerte_prix(
             ^^^^^^^^^^^^^^^^^^^^
  File "c:\Users\Thinkbook\Desktop\comparateur_prix\Authentificationgmail\backend\microservices\service3-alerts\app\email_service.py", line 97, in envoyer_alerte_prix
    print(f"\u274c Erreur envoi email à {destinataire}: {e}")
  File "C:\Users\Thinkbook\AppData\Local\Programs\Python\Python312\Lib\encodings\cp1252.py", line 19, in encode
    return codecs.charmap_encode(input,self.errors,encoding_table)[0]
           ^^^^^^^^^^^^^^^^^^^^^^^^^^^^^^^^^^^^^^^^^^^^^^^^^^^^^^^
UnicodeEncodeError: 'charmap' codec can't encode character '\u274c' in position 0: character maps to <undefined>
INFO:     127.0.0.1:51228 - "GET /alerts?user_id=1&active_only=true&limit=1 HTTP/1.1" 200 OK
INFO:     127.0.0.1:51228 - "GET /alerts?user_id=1&limit=100 HTTP/1.1" 200 OK
INFO:     127.0.0.1:51228 - "GET /alerts?user_id=1&limit=100 HTTP/1.1" 200 OK
INFO:     127.0.0.1:60929 - "GET /alerts?user_id=1&limit=100 HTTP/1.1" 200 OK
INFO:     127.0.0.1:64276 - "OPTIONS /alerts/51/deactivate HTTP/1.1" 200 OK
INFO:     127.0.0.1:64276 - "PATCH /alerts/51/deactivate HTTP/1.1" 200 OK
INFO:     127.0.0.1:56527 - "GET /alerts?user_id=1&active_only=true&limit=1 HTTP/1.1" 200 OK
INFO:     127.0.0.1:58652 - "GET /alerts?user_id=1&active_only=true&limit=1 HTTP/1.1" 200 OK
INFO:     127.0.0.1:58829 - "GET /alerts?user_id=1&active_only=true&limit=1 HTTP/1.1" 200 OK
INFO:     127.0.0.1:59269 - "GET /alerts?user_id=1&active_only=true&limit=1 HTTP/1.1" 200 OK
INFO:     127.0.0.1:63167 - "GET /alerts?user_id=1&active_only=true&limit=1 HTTP/1.1" 200 OK
INFO:     127.0.0.1:63027 - "GET /alerts?user_id=1&active_only=true&limit=1 HTTP/1.1" 200 OK
INFO:     127.0.0.1:58591 - "GET /alerts?user_id=1&active_only=true&limit=1 HTTP/1.1" 200 OK
INFO:     127.0.0.1:49838 - "GET /alerts?user_id=1&active_only=true&limit=1 HTTP/1.1" 200 OK
INFO:     127.0.0.1:55301 - "GET /alerts?user_id=1&active_only=true&limit=1 HTTP/1.1" 200 OK
INFO:     127.0.0.1:51610 - "GET /alerts?user_id=1&active_only=true&limit=1 HTTP/1.1" 200 OK
INFO:     127.0.0.1:54290 - "GET /alerts?user_id=1&active_only=true&limit=1 HTTP/1.1" 200 OK
INFO:     127.0.0.1:63062 - "GET /alerts?user_id=1&active_only=true&limit=1 HTTP/1.1" 200 OK
INFO:     127.0.0.1:54389 - "GET /alerts?user_id=1&active_only=true&limit=1 HTTP/1.1" 200 OK
INFO:     127.0.0.1:54389 - "GET /alerts?user_id=1&limit=100 HTTP/1.1" 200 OK
INFO:     127.0.0.1:54389 - "GET /alerts?user_id=1&limit=100 HTTP/1.1" 200 OK
INFO:     127.0.0.1:54389 - "GET /alerts?user_id=1&active_only=true&limit=1 HTTP/1.1" 200 OK
INFO:     127.0.0.1:64669 - "GET /alerts?user_id=1&active_only=true&limit=1 HTTP/1.1" 200 OK
INFO:     127.0.0.1:64313 - "GET /alerts?user_id=1&active_only=true&limit=1 HTTP/1.1" 200 OK
INFO:     127.0.0.1:55638 - "GET /alerts?user_id=1&active_only=true&limit=1 HTTP/1.1" 200 OK
INFO:     127.0.0.1:49815 - "GET /alerts?user_id=1&active_only=true&limit=1 HTTP/1.1" 200 OK
INFO:     127.0.0.1:64750 - "GET /alerts?user_id=1&active_only=true&limit=1 HTTP/1.1" 200 OK
INFO:     127.0.0.1:60603 - "GET /alerts?user_id=1&active_only=true&limit=1 HTTP/1.1" 200 OK
INFO:     127.0.0.1:59886 - "GET /alerts?user_id=1&active_only=true&limit=1 HTTP/1.1" 200 OK
INFO:     127.0.0.1:51700 - "GET /alerts?user_id=1&active_only=true&limit=1 HTTP/1.1" 200 OK
INFO:     127.0.0.1:51700 - "GET /alerts?user_id=1&active_only=true&limit=1 HTTP/1.1" 200 OK
INFO:     127.0.0.1:64759 - "GET /alerts?user_id=1&limit=100 HTTP/1.1" 200 OK
INFO:     127.0.0.1:64759 - "GET /alerts?user_id=1&limit=100 HTTP/1.1" 200 OK
INFO:     127.0.0.1:57860 - "GET /alerts?user_id=1&active_only=true&limit=1 HTTP/1.1" 200 OK
INFO:     127.0.0.1:56917 - "GET /alerts?user_id=1&active_only=true&limit=1 HTTP/1.1" 200 OK
INFO:     127.0.0.1:64708 - "GET /alerts?user_id=1&active_only=true&limit=1 HTTP/1.1" 200 OK
INFO:     127.0.0.1:57708 - "GET /alerts?user_id=1&active_only=true&limit=1 HTTP/1.1" 200 OK
INFO:     127.0.0.1:51447 - "GET /alerts?user_id=1&active_only=true&limit=1 HTTP/1.1" 200 OK
INFO:     127.0.0.1:52125 - "GET /alerts?user_id=1&active_only=true&limit=1 HTTP/1.1" 200 OK
INFO:     127.0.0.1:63631 - "GET /alerts?user_id=1&active_only=true&limit=1 HTTP/1.1" 200 OK
INFO:     127.0.0.1:65322 - "GET /alerts?user_id=1&active_only=true&limit=1 HTTP/1.1" 200 OK
INFO:     127.0.0.1:57208 - "GET /alerts?user_id=1&active_only=true&limit=1 HTTP/1.1" 200 OK
INFO:     127.0.0.1:56161 - "GET /alerts?user_id=1&active_only=true&limit=1 HTTP/1.1" 200 OK
INFO:     127.0.0.1:53607 - "GET /alerts?user_id=1&active_only=true&limit=1 HTTP/1.1" 200 OK
INFO:     127.0.0.1:61323 - "GET /alerts?user_id=1&active_only=true&limit=1 HTTP/1.1" 200 OK
INFO:     127.0.0.1:64007 - "GET /alerts?user_id=1&limit=100 HTTP/1.1" 200 OK
INFO:     127.0.0.1:64007 - "GET /alerts?user_id=1&limit=100 HTTP/1.1" 200 OK
INFO:     127.0.0.1:59644 - "GET /alerts?user_id=1&active_only=true&limit=1 HTTP/1.1" 200 OK
INFO:     127.0.0.1:63612 - "GET /alerts?user_id=1&active_only=true&limit=1 HTTP/1.1" 200 OK
INFO:     127.0.0.1:51403 - "GET /alerts?user_id=1&active_only=true&limit=1 HTTP/1.1" 200 OK
INFO:     127.0.0.1:53279 - "GET /alerts?user_id=1&active_only=true&limit=1 HTTP/1.1" 200 OK
INFO:     127.0.0.1:60913 - "GET /alerts?user_id=1&limit=100 HTTP/1.1" 200 OK
INFO:     127.0.0.1:60913 - "GET /alerts?user_id=1&limit=100 HTTP/1.1" 200 OK
INFO:     127.0.0.1:58023 - "GET /alerts?user_id=1&active_only=true&limit=1 HTTP/1.1" 200 OK
INFO:     127.0.0.1:61406 - "GET /alerts?user_id=1&active_only=true&limit=1 HTTP/1.1" 200 OK
INFO:     127.0.0.1:52939 - "GET /alerts?user_id=1&active_only=true&limit=1 HTTP/1.1" 200 OK
INFO:     127.0.0.1:60796 - "GET /alerts?user_id=1&active_only=true&limit=1 HTTP/1.1" 200 OK
INFO:     127.0.0.1:54118 - "GET /alerts?user_id=1&active_only=true&limit=1 HTTP/1.1" 200 OK
INFO:     127.0.0.1:54797 - "GET /alerts?user_id=1&active_only=true&limit=1 HTTP/1.1" 200 OK
INFO:     127.0.0.1:61217 - "GET /alerts?user_id=1&active_only=true&limit=1 HTTP/1.1" 200 OK
INFO:     127.0.0.1:49446 - "GET /alerts?user_id=1&active_only=true&limit=1 HTTP/1.1" 200 OK
INFO:     127.0.0.1:53483 - "GET /alerts?user_id=1&active_only=true&limit=1 HTTP/1.1" 200 OK
INFO:     127.0.0.1:52846 - "GET /alerts?user_id=1&active_only=true&limit=1 HTTP/1.1" 200 OK
INFO:     127.0.0.1:64404 - "GET /alerts?user_id=1&active_only=true&limit=1 HTTP/1.1" 200 OK
INFO:     127.0.0.1:57663 - "GET /alerts?user_id=1&active_only=true&limit=1 HTTP/1.1" 200 OK
INFO:     127.0.0.1:61065 - "GET /alerts?user_id=1&active_only=true&limit=1 HTTP/1.1" 200 OK
INFO:     127.0.0.1:56611 - "GET /alerts?user_id=1&active_only=true&limit=1 HTTP/1.1" 200 OK
INFO:     127.0.0.1:59472 - "GET /alerts?user_id=1&active_only=true&limit=1 HTTP/1.1" 200 OK
INFO:     127.0.0.1:56895 - "GET /alerts?user_id=1&active_only=true&limit=1 HTTP/1.1" 200 OK
INFO:     127.0.0.1:51615 - "GET /alerts?user_id=1&active_only=true&limit=1 HTTP/1.1" 200 OK
INFO:     127.0.0.1:54737 - "GET /alerts?user_id=1&active_only=true&limit=1 HTTP/1.1" 200 OK
INFO:     127.0.0.1:57335 - "GET /alerts?user_id=1&active_only=true&limit=1 HTTP/1.1" 200 OK
INFO:     127.0.0.1:57335 - "GET /alerts?user_id=1&active_only=true&limit=1 HTTP/1.1" 200 OK
INFO:     127.0.0.1:56230 - "GET /alerts?user_id=1&active_only=true&limit=1 HTTP/1.1" 200 OK
INFO:     127.0.0.1:65303 - "GET /alerts?user_id=1&active_only=true&limit=1 HTTP/1.1" 200 OK
INFO:     127.0.0.1:50260 - "GET /alerts?user_id=1&active_only=true&limit=1 HTTP/1.1" 200 OK
INFO:     127.0.0.1:59495 - "GET /alerts?user_id=1&active_only=true&limit=1 HTTP/1.1" 200 OK
INFO:     127.0.0.1:60771 - "GET /alerts?user_id=1&active_only=true&limit=1 HTTP/1.1" 200 OK
INFO:     127.0.0.1:49984 - "GET /alerts?user_id=1&active_only=true&limit=1 HTTP/1.1" 200 OK
INFO:     127.0.0.1:58628 - "GET /alerts?user_id=1&active_only=true&limit=1 HTTP/1.1" 200 OK
INFO:     127.0.0.1:65192 - "GET /alerts?user_id=1&active_only=true&limit=1 HTTP/1.1" 200 OK
INFO:     127.0.0.1:62266 - "GET /alerts?user_id=1&limit=100 HTTP/1.1" 200 OK
INFO:     127.0.0.1:62266 - "GET /alerts?user_id=1&limit=100 HTTP/1.1" 200 OK
INFO:     127.0.0.1:59018 - "GET /alerts?user_id=1&active_only=true&limit=1 HTTP/1.1" 200 OK
INFO:     127.0.0.1:63626 - "GET /alerts?user_id=1&active_only=true&limit=1 HTTP/1.1" 200 OK
INFO:     127.0.0.1:59402 - "GET /alerts?user_id=1&active_only=true&limit=1 HTTP/1.1" 200 OK
INFO:     127.0.0.1:54994 - "GET /alerts?user_id=1&active_only=true&limit=1 HTTP/1.1" 200 OK
INFO:     127.0.0.1:59816 - "GET /alerts?user_id=1&active_only=true&limit=1 HTTP/1.1" 200 OK
INFO:     127.0.0.1:55243 - "GET /alerts?user_id=1&active_only=true&limit=1 HTTP/1.1" 200 OK
INFO:     127.0.0.1:65098 - "GET /alerts?user_id=1&active_only=true&limit=1 HTTP/1.1" 200 OK
INFO:     127.0.0.1:63125 - "GET /alerts?user_id=1&limit=100 HTTP/1.1" 200 OK
INFO:     127.0.0.1:63125 - "GET /alerts?user_id=1&limit=100 HTTP/1.1" 200 OK
INFO:     127.0.0.1:65106 - "GET /alerts?user_id=1&active_only=true&limit=1 HTTP/1.1" 200 OK
INFO:     127.0.0.1:54083 - "GET /alerts?user_id=1&active_only=true&limit=1 HTTP/1.1" 200 OK
INFO:     127.0.0.1:59554 - "GET /alerts?user_id=1&active_only=true&limit=1 HTTP/1.1" 200 OK
INFO:     127.0.0.1:51780 - "GET /alerts?user_id=1&active_only=true&limit=1 HTTP/1.1" 200 OK
INFO:     127.0.0.1:49827 - "GET /alerts?user_id=1&active_only=true&limit=1 HTTP/1.1" 200 OK
INFO:     127.0.0.1:62858 - "GET /alerts?user_id=1&active_only=true&limit=1 HTTP/1.1" 200 OK
INFO:     127.0.0.1:52815 - "GET /alerts?user_id=1&active_only=true&limit=1 HTTP/1.1" 200 OK
INFO:     127.0.0.1:52552 - "GET /alerts?user_id=1&limit=100 HTTP/1.1" 200 OK
INFO:     127.0.0.1:52552 - "GET /alerts?user_id=1&limit=100 HTTP/1.1" 200 OK
INFO:     127.0.0.1:62423 - "GET /alerts?user_id=17&active_only=true&limit=1 HTTP/1.1" 200 OK
INFO:     127.0.0.1:62423 - "GET /alerts?user_id=17&limit=100 HTTP/1.1" 200 OK
INFO:     127.0.0.1:62423 - "GET /alerts?user_id=17&limit=100 HTTP/1.1" 200 OK
INFO:     127.0.0.1:64906 - "GET /alerts?user_id=17&active_only=true&limit=1 HTTP/1.1" 200 OK
INFO:     127.0.0.1:57108 - "GET /alerts?user_id=17&active_only=true&limit=1 HTTP/1.1" 200 OK
INFO:     127.0.0.1:57278 - "GET /alerts?user_id=17&active_only=true&limit=1 HTTP/1.1" 200 OK
INFO:     127.0.0.1:64048 - "GET /alerts?user_id=17&active_only=true&limit=1 HTTP/1.1" 200 OK
INFO:     127.0.0.1:53030 - "GET /alerts?user_id=17&active_only=true&limit=1 HTTP/1.1" 200 OK
INFO:     127.0.0.1:64006 - "GET /alerts?user_id=17&active_only=true&limit=1 HTTP/1.1" 200 OK
INFO:     127.0.0.1:64006 - "GET /alerts?user_id=17&active_only=true&limit=1 HTTP/1.1" 200 OK
INFO:     127.0.0.1:63181 - "GET /alerts?user_id=17&active_only=true&limit=1 HTTP/1.1" 200 OK
INFO:     127.0.0.1:54907 - "GET /alerts?user_id=17&active_only=true&limit=1 HTTP/1.1" 200 OK
INFO:     127.0.0.1:62858 - "GET /alerts?user_id=17&active_only=true&limit=1 HTTP/1.1" 200 OK
INFO:     127.0.0.1:57140 - "GET /alerts?user_id=17&active_only=true&limit=1 HTTP/1.1" 200 OK
INFO:     127.0.0.1:64698 - "GET /alerts?user_id=17&active_only=true&limit=1 HTTP/1.1" 200 OK
INFO:     127.0.0.1:57527 - "GET /alerts?user_id=17&active_only=true&limit=1 HTTP/1.1" 200 OK
INFO:     127.0.0.1:49834 - "GET /alerts?user_id=17&active_only=true&limit=1 HTTP/1.1" 200 OK
INFO:     127.0.0.1:49834 - "GET /alerts?user_id=17&active_only=true&limit=1 HTTP/1.1" 200 OK
INFO:     127.0.0.1:62655 - "GET /alerts?user_id=1&active_only=true&limit=1 HTTP/1.1" 200 OK
INFO:     127.0.0.1:58480 - "GET /alerts?user_id=1&active_only=true&limit=1 HTTP/1.1" 200 OK
INFO:     127.0.0.1:54360 - "GET /alerts?user_id=1&active_only=true&limit=1 HTTP/1.1" 200 OK
INFO:     127.0.0.1:60169 - "GET /alerts?user_id=1&active_only=true&limit=1 HTTP/1.1" 200 OK
INFO:     127.0.0.1:65076 - "GET /alerts?user_id=1&active_only=true&limit=1 HTTP/1.1" 200 OK
INFO:     127.0.0.1:65409 - "GET /alerts?user_id=1&active_only=true&limit=1 HTTP/1.1" 200 OK
INFO:     127.0.0.1:63435 - "GET /alerts?user_id=1&active_only=true&limit=1 HTTP/1.1" 200 OK
INFO:     127.0.0.1:57189 - "GET /alerts?user_id=1&active_only=true&limit=1 HTTP/1.1" 200 OK
INFO:     127.0.0.1:59044 - "GET /alerts?user_id=1&active_only=true&limit=1 HTTP/1.1" 200 OK
INFO:     127.0.0.1:61500 - "GET /alerts?user_id=1&active_only=true&limit=1 HTTP/1.1" 200 OK
INFO:     127.0.0.1:57910 - "GET /alerts?user_id=1&limit=100 HTTP/1.1" 200 OK
INFO:     127.0.0.1:57910 - "GET /alerts?user_id=1&limit=100 HTTP/1.1" 200 OK
INFO:     127.0.0.1:64384 - "GET /alerts?user_id=1&active_only=true&limit=1 HTTP/1.1" 200 OK
INFO:     127.0.0.1:51830 - "GET /alerts?user_id=1&limit=100 HTTP/1.1" 200 OK
INFO:     127.0.0.1:62607 - "GET /alerts?user_id=1&active_only=true&limit=1 HTTP/1.1" 200 OK
INFO:     127.0.0.1:62127 - "GET /alerts?user_id=16&active_only=true&limit=1 HTTP/1.1" 200 OK
INFO:     127.0.0.1:55435 - "GET /alerts?user_id=1&active_only=true&limit=1 HTTP/1.1" 200 OK
INFO:     127.0.0.1:53382 - "GET /alerts?user_id=1&active_only=true&limit=1 HTTP/1.1" 200 OK
INFO:     127.0.0.1:50260 - "GET /alerts?user_id=1&limit=100 HTTP/1.1" 200 OK
INFO:     127.0.0.1:50260 - "GET /alerts?user_id=1&limit=100 HTTP/1.1" 200 OK
INFO:     127.0.0.1:52241 - "GET /alerts?user_id=1&active_only=true&limit=1 HTTP/1.1" 200 OK
INFO:     127.0.0.1:56213 - "GET /alerts?user_id=16&active_only=true&limit=1 HTTP/1.1" 200 OK
INFO:     127.0.0.1:58867 - "GET /alerts?user_id=16&active_only=true&limit=1 HTTP/1.1" 200 OK
INFO:     127.0.0.1:64359 - "GET /alerts?user_id=16&active_only=true&limit=1 HTTP/1.1" 200 OK
INFO:     127.0.0.1:64359 - "GET /alerts?user_id=16&limit=100 HTTP/1.1" 200 OK
INFO:     127.0.0.1:64359 - "GET /alerts?user_id=16&limit=100 HTTP/1.1" 200 OK
INFO:     127.0.0.1:56002 - "GET /alerts?user_id=16&limit=100 HTTP/1.1" 200 OK
INFO:     127.0.0.1:56002 - "GET /alerts?user_id=16&limit=100 HTTP/1.1" 200 OK
INFO:     127.0.0.1:61932 - "GET /alerts?user_id=16&active_only=true&limit=1 HTTP/1.1" 200 OK
INFO:     127.0.0.1:60782 - "GET /alerts?user_id=16&limit=100 HTTP/1.1" 200 OK
INFO:     127.0.0.1:60782 - "GET /alerts?user_id=16&limit=100 HTTP/1.1" 200 OK
INFO:     127.0.0.1:56716 - "GET /alerts?user_id=1&active_only=true&limit=1 HTTP/1.1" 200 OK
INFO:     127.0.0.1:60130 - "GET /alerts?user_id=1&active_only=true&limit=1 HTTP/1.1" 200 OK
INFO:     127.0.0.1:62592 - "GET /alerts?user_id=1&active_only=true&limit=1 HTTP/1.1" 200 OK
INFO:     127.0.0.1:55617 - "GET /alerts?user_id=1&active_only=true&limit=1 HTTP/1.1" 200 OK
INFO:     127.0.0.1:55655 - "GET /alerts?user_id=1&active_only=true&limit=1 HTTP/1.1" 200 OK
INFO:     127.0.0.1:60831 - "GET /alerts?user_id=1&active_only=true&limit=1 HTTP/1.1" 200 OK
INFO:     127.0.0.1:60831 - "GET /alerts?user_id=1&limit=100 HTTP/1.1" 200 OK
INFO:     127.0.0.1:60831 - "GET /alerts?user_id=1&limit=100 HTTP/1.1" 200 OK
INFO:     127.0.0.1:50820 - "GET /alerts?user_id=1&active_only=true&limit=1 HTTP/1.1" 200 OK
INFO:     127.0.0.1:57743 - "GET /alerts?user_id=1&active_only=true&limit=1 HTTP/1.1" 200 OK
INFO:     127.0.0.1:51394 - "GET /alerts?user_id=1&active_only=true&limit=1 HTTP/1.1" 200 OK
INFO:     127.0.0.1:59146 - "GET /alerts?user_id=1&active_only=true&limit=1 HTTP/1.1" 200 OK
INFO:     127.0.0.1:51015 - "GET /alerts?user_id=1&active_only=true&limit=1 HTTP/1.1" 200 OK
INFO:     127.0.0.1:53843 - "GET /alerts?user_id=1&active_only=true&limit=1 HTTP/1.1" 200 OK
INFO:     127.0.0.1:52523 - "GET /alerts?user_id=1&active_only=true&limit=1 HTTP/1.1" 200 OK
INFO:     127.0.0.1:59514 - "GET /alerts?user_id=1&active_only=true&limit=1 HTTP/1.1" 200 OK
INFO:     127.0.0.1:53977 - "GET /alerts?user_id=1&active_only=true&limit=1 HTTP/1.1" 200 OK
INFO:     127.0.0.1:53977 - "GET /alerts?user_id=1&limit=100 HTTP/1.1" 200 OK
INFO:     127.0.0.1:53977 - "GET /alerts?user_id=1&limit=100 HTTP/1.1" 200 OK
INFO:     127.0.0.1:57643 - "GET /alerts?user_id=1&limit=100 HTTP/1.1" 200 OK
INFO:     127.0.0.1:57643 - "GET /alerts?user_id=1&limit=100 HTTP/1.1" 200 OK
INFO:     127.0.0.1:57227 - "GET /alerts?user_id=1&limit=100 HTTP/1.1" 200 OK
INFO:     127.0.0.1:57227 - "GET /alerts?user_id=1&limit=100 HTTP/1.1" 200 OK
INFO:     127.0.0.1:57227 - "GET /alerts?user_id=1&active_only=true&limit=1 HTTP/1.1" 200 OK
INFO:     127.0.0.1:54376 - "GET /alerts?user_id=16&active_only=true&limit=1 HTTP/1.1" 200 OK
INFO:     127.0.0.1:56202 - "GET /alerts?user_id=16&active_only=true&limit=1 HTTP/1.1" 200 OK
INFO:     127.0.0.1:58365 - "GET /alerts?user_id=16&active_only=true&limit=1 HTTP/1.1" 200 OK
INFO:     127.0.0.1:56967 - "GET /alerts?user_id=16&active_only=true&limit=1 HTTP/1.1" 200 OK
INFO:     127.0.0.1:61137 - "GET /alerts?user_id=16&active_only=true&limit=1 HTTP/1.1" 200 OK
INFO:     127.0.0.1:50450 - "GET /alerts?user_id=16&active_only=true&limit=1 HTTP/1.1" 200 OK
INFO:     127.0.0.1:50560 - "GET /alerts?user_id=16&active_only=true&limit=1 HTTP/1.1" 200 OK
INFO:     127.0.0.1:54922 - "GET /alerts?user_id=16&active_only=true&limit=1 HTTP/1.1" 200 OK
INFO:     127.0.0.1:52890 - "GET /alerts?user_id=16&active_only=true&limit=1 HTTP/1.1" 200 OK
INFO:     127.0.0.1:57245 - "GET /alerts?user_id=16&active_only=true&limit=1 HTTP/1.1" 200 OK
INFO:     127.0.0.1:61067 - "GET /alerts?user_id=16&active_only=true&limit=1 HTTP/1.1" 200 OK
INFO:     127.0.0.1:52570 - "GET /alerts?user_id=16&active_only=true&limit=1 HTTP/1.1" 200 OK
INFO:     127.0.0.1:57949 - "GET /alerts?user_id=16&active_only=true&limit=1 HTTP/1.1" 200 OK
INFO:     127.0.0.1:56916 - "GET /alerts?user_id=16&active_only=true&limit=1 HTTP/1.1" 200 OK
INFO:     127.0.0.1:59826 - "GET /alerts?user_id=16&active_only=true&limit=1 HTTP/1.1" 200 OK
INFO:     127.0.0.1:59826 - "GET /alerts?user_id=16&active_only=true&limit=1 HTTP/1.1" 200 OK
INFO:     127.0.0.1:62312 - "GET /alerts?user_id=16&active_only=true&limit=1 HTTP/1.1" 200 OK
INFO:     127.0.0.1:59442 - "GET /alerts?user_id=16&active_only=true&limit=1 HTTP/1.1" 200 OK
INFO:     127.0.0.1:63210 - "GET /alerts?user_id=16&active_only=true&limit=1 HTTP/1.1" 200 OK
INFO:     127.0.0.1:65160 - "GET /alerts?user_id=16&active_only=true&limit=1 HTTP/1.1" 200 OK
INFO:     127.0.0.1:65160 - "GET /alerts?user_id=16&active_only=true&limit=1 HTTP/1.1" 200 OK
INFO:     127.0.0.1:65466 - "GET /alerts?user_id=16&active_only=true&limit=1 HTTP/1.1" 200 OK
INFO:     127.0.0.1:57276 - "GET /alerts?user_id=16&active_only=true&limit=1 HTTP/1.1" 200 OK
INFO:     127.0.0.1:58219 - "GET /alerts?user_id=16&active_only=true&limit=1 HTTP/1.1" 200 OK
INFO:     127.0.0.1:50562 - "GET /alerts?user_id=16&active_only=true&limit=1 HTTP/1.1" 200 OK
INFO:     127.0.0.1:56898 - "GET /alerts?user_id=16&active_only=true&limit=1 HTTP/1.1" 200 OK
INFO:     127.0.0.1:60191 - "GET /alerts?user_id=16&active_only=true&limit=1 HTTP/1.1" 200 OK
INFO:     127.0.0.1:56601 - "GET /alerts?user_id=17&active_only=true&limit=1 HTTP/1.1" 200 OK
INFO:     127.0.0.1:58318 - "GET /alerts?user_id=1&active_only=true&limit=1 HTTP/1.1" 200 OK
INFO:     127.0.0.1:58318 - "GET /alerts?user_id=1&limit=100 HTTP/1.1" 200 OK
INFO:     127.0.0.1:58318 - "GET /alerts?user_id=1&limit=100 HTTP/1.1" 200 OK
INFO:     127.0.0.1:62001 - "GET /alerts?user_id=1&active_only=true&limit=1 HTTP/1.1" 200 OK
INFO:     127.0.0.1:61883 - "GET /alerts?user_id=1&active_only=true&limit=1 HTTP/1.1" 200 OK
INFO:     127.0.0.1:50260 - "GET /alerts?user_id=1&active_only=true&limit=1 HTTP/1.1" 200 OK
INFO:     127.0.0.1:60499 - "GET /alerts?user_id=1&active_only=true&limit=1 HTTP/1.1" 200 OK
INFO:     127.0.0.1:56442 - "GET /alerts?user_id=1&active_only=true&limit=1 HTTP/1.1" 200 OK
INFO:     127.0.0.1:50279 - "GET /alerts?user_id=1&active_only=true&limit=1 HTTP/1.1" 200 OK
INFO:     127.0.0.1:59061 - "GET /alerts?user_id=1&active_only=true&limit=1 HTTP/1.1" 200 OK
INFO:     127.0.0.1:51554 - "GET /alerts?user_id=1&active_only=true&limit=1 HTTP/1.1" 200 OK
INFO:     127.0.0.1:60113 - "GET /alerts?user_id=1&active_only=true&limit=1 HTTP/1.1" 200 OK
INFO:     127.0.0.1:57455 - "GET /alerts?user_id=1&limit=100 HTTP/1.1" 200 OK
INFO:     127.0.0.1:62080 - "GET /alerts?user_id=1&active_only=true&limit=1 HTTP/1.1" 200 OK
INFO:     127.0.0.1:49510 - "GET /alerts?user_id=1&active_only=true&limit=1 HTTP/1.1" 200 OK
INFO:     127.0.0.1:52506 - "GET /alerts?user_id=1&active_only=true&limit=1 HTTP/1.1" 200 OK
INFO:     127.0.0.1:50790 - "GET /alerts?user_id=1&active_only=true&limit=1 HTTP/1.1" 200 OK
INFO:     127.0.0.1:63799 - "GET /alerts?user_id=1&active_only=true&limit=1 HTTP/1.1" 200 OK
INFO:     127.0.0.1:58206 - "GET /alerts?user_id=1&active_only=true&limit=1 HTTP/1.1" 200 OK
INFO:     127.0.0.1:56635 - "GET /alerts?user_id=1&active_only=true&limit=1 HTTP/1.1" 200 OK
INFO:     127.0.0.1:59435 - "GET /alerts?user_id=1&active_only=true&limit=1 HTTP/1.1" 200 OK
INFO:     127.0.0.1:58869 - "GET /alerts?user_id=1&active_only=true&limit=1 HTTP/1.1" 200 OK
INFO:     127.0.0.1:53836 - "GET /alerts?user_id=1&active_only=true&limit=1 HTTP/1.1" 200 OK
INFO:     127.0.0.1:55396 - "GET /alerts?user_id=1&active_only=true&limit=1 HTTP/1.1" 200 OK
INFO:     127.0.0.1:55396 - "GET /alerts?user_id=1&active_only=true&limit=1 HTTP/1.1" 200 OK
INFO:     127.0.0.1:49817 - "GET /alerts?user_id=1&active_only=true&limit=1 HTTP/1.1" 200 OK
INFO:     127.0.0.1:49817 - "GET /alerts?user_id=1&active_only=true&limit=1 HTTP/1.1" 200 OK
INFO:     127.0.0.1:62904 - "GET /alerts?user_id=1&active_only=true&limit=1 HTTP/1.1" 200 OK
INFO:     127.0.0.1:60063 - "GET /alerts?user_id=1&active_only=true&limit=1 HTTP/1.1" 200 OK
INFO:     127.0.0.1:50657 - "GET /alerts?user_id=1&active_only=true&limit=1 HTTP/1.1" 200 OK
INFO:     127.0.0.1:60230 - "GET /alerts?user_id=1&active_only=true&limit=1 HTTP/1.1" 200 OK
INFO:     127.0.0.1:53886 - "GET /alerts?user_id=1&active_only=true&limit=1 HTTP/1.1" 200 OK
INFO:     127.0.0.1:64275 - "GET /alerts?user_id=1&active_only=true&limit=1 HTTP/1.1" 200 OK
INFO:     127.0.0.1:63918 - "GET /alerts?user_id=1&active_only=true&limit=1 HTTP/1.1" 200 OK
INFO:     127.0.0.1:49957 - "GET /alerts?user_id=1&active_only=true&limit=1 HTTP/1.1" 200 OK
INFO:     127.0.0.1:52815 - "GET /alerts?user_id=1&active_only=true&limit=1 HTTP/1.1" 200 OK
INFO:     127.0.0.1:49414 - "GET /alerts?user_id=1&active_only=true&limit=1 HTTP/1.1" 200 OK
INFO:     127.0.0.1:49815 - "GET /alerts?user_id=1&active_only=true&limit=1 HTTP/1.1" 200 OK
INFO:     127.0.0.1:64197 - "GET /alerts?user_id=1&active_only=true&limit=1 HTTP/1.1" 200 OK
INFO:     127.0.0.1:64531 - "GET /alerts?user_id=1&active_only=true&limit=1 HTTP/1.1" 200 OK
INFO:     127.0.0.1:55200 - "GET /alerts?user_id=1&active_only=true&limit=1 HTTP/1.1" 200 OK
INFO:     127.0.0.1:50561 - "GET /alerts?user_id=1&active_only=true&limit=1 HTTP/1.1" 200 OK
INFO:     127.0.0.1:56428 - "GET /alerts?user_id=1&active_only=true&limit=1 HTTP/1.1" 200 OK
INFO:     127.0.0.1:52729 - "GET /alerts?user_id=1&active_only=true&limit=1 HTTP/1.1" 200 OK
INFO:     127.0.0.1:52729 - "GET /alerts?user_id=1&active_only=true&limit=1 HTTP/1.1" 200 OK
INFO:     127.0.0.1:54838 - "GET /alerts?user_id=1&active_only=true&limit=1 HTTP/1.1" 200 OK
INFO:     127.0.0.1:56044 - "GET /alerts?user_id=1&active_only=true&limit=1 HTTP/1.1" 200 OK
INFO:     127.0.0.1:52021 - "GET /alerts?user_id=1&active_only=true&limit=1 HTTP/1.1" 200 OK
INFO:     127.0.0.1:52900 - "GET /alerts?user_id=1&active_only=true&limit=1 HTTP/1.1" 200 OK
INFO:     127.0.0.1:58072 - "GET /alerts?user_id=1&active_only=true&limit=1 HTTP/1.1" 200 OK
INFO:     127.0.0.1:54788 - "GET /alerts?user_id=1&active_only=true&limit=1 HTTP/1.1" 200 OK
INFO:     127.0.0.1:60607 - "GET /alerts?user_id=1&active_only=true&limit=1 HTTP/1.1" 200 OK
INFO:     127.0.0.1:63869 - "GET /alerts?user_id=1&active_only=true&limit=1 HTTP/1.1" 200 OK
INFO:     127.0.0.1:62617 - "GET /alerts?user_id=1&active_only=true&limit=1 HTTP/1.1" 200 OK
INFO:     127.0.0.1:57245 - "GET /alerts?user_id=1&active_only=true&limit=1 HTTP/1.1" 200 OK
INFO:     127.0.0.1:55103 - "GET /alerts?user_id=1&active_only=true&limit=1 HTTP/1.1" 200 OK
INFO:     127.0.0.1:58709 - "GET /alerts?user_id=1&active_only=true&limit=1 HTTP/1.1" 200 OK
INFO:     127.0.0.1:60832 - "GET /alerts?user_id=1&active_only=true&limit=1 HTTP/1.1" 200 OK
INFO:     127.0.0.1:59429 - "GET /alerts?user_id=1&active_only=true&limit=1 HTTP/1.1" 200 OK
INFO:     127.0.0.1:55109 - "GET /alerts?user_id=1&active_only=true&limit=1 HTTP/1.1" 200 OK
INFO:     127.0.0.1:62539 - "GET /alerts?user_id=1&active_only=true&limit=1 HTTP/1.1" 200 OK
INFO:     127.0.0.1:54428 - "GET /alerts?user_id=1&active_only=true&limit=1 HTTP/1.1" 200 OK
INFO:     127.0.0.1:62976 - "GET /alerts?user_id=1&active_only=true&limit=1 HTTP/1.1" 200 OK
INFO:     127.0.0.1:59910 - "GET /alerts?user_id=1&active_only=true&limit=1 HTTP/1.1" 200 OK
INFO:     127.0.0.1:59663 - "GET /alerts?user_id=1&active_only=true&limit=1 HTTP/1.1" 200 OK
INFO:     127.0.0.1:52034 - "GET /alerts?user_id=1&active_only=true&limit=1 HTTP/1.1" 200 OK
INFO:     127.0.0.1:49982 - "GET /alerts?user_id=1&active_only=true&limit=1 HTTP/1.1" 200 OK
INFO:     127.0.0.1:53264 - "GET /alerts?user_id=1&active_only=true&limit=1 HTTP/1.1" 200 OK
INFO:     127.0.0.1:57653 - "GET /alerts?user_id=1&active_only=true&limit=1 HTTP/1.1" 200 OK
INFO:     127.0.0.1:56023 - "GET /alerts?user_id=1&active_only=true&limit=1 HTTP/1.1" 200 OK
INFO:     Started server process [28452]
INFO:     Waiting for application startup.
2026-05-09 21:42:53  INFO      app.main  Service 3 – Alertes de Prix démarré
2026-05-09 21:42:54  INFO      app.database  [DB] Table 'alerts' vérifiée/créée
2026-05-09 21:42:54  INFO      app.database  [DB] Connexion OK — 59878 produits trouvés dans la DB partagée
2026-05-09 21:42:54  INFO      apscheduler.scheduler  Adding job tentatively -- it will be properly scheduled when the scheduler starts
2026-05-09 21:42:54  INFO      apscheduler.scheduler  Added job "_start_scheduler.<locals>.job_verifier" to job store "default"
2026-05-09 21:42:54  INFO      apscheduler.scheduler  Scheduler started
2026-05-09 21:42:54  INFO      app.main  [scheduler] Vérification alertes planifiée à 03:30
INFO:     Application startup complete.
INFO:     Uvicorn running on http://0.0.0.0:8003 (Press CTRL+C to quit)
INFO:     Started server process [4328]
INFO:     Waiting for application startup.
2026-05-12 10:13:08  INFO      app.main  Service 3 – Alertes de Prix démarré
2026-05-12 10:13:08  INFO      app.database  [DB] Table 'alerts' vérifiée/créée
2026-05-12 10:13:08  INFO      app.database  [DB] Connexion OK — 59878 produits trouvés dans la DB partagée
2026-05-12 10:13:08  INFO      apscheduler.scheduler  Adding job tentatively -- it will be properly scheduled when the scheduler starts
2026-05-12 10:13:08  INFO      apscheduler.scheduler  Added job "_start_scheduler.<locals>.job_verifier" to job store "default"
2026-05-12 10:13:08  INFO      apscheduler.scheduler  Scheduler started
2026-05-12 10:13:08  INFO      app.main  [scheduler] Vérification alertes planifiée à 03:30
INFO:     Application startup complete.
INFO:     Uvicorn running on http://0.0.0.0:8003 (Press CTRL+C to quit)
INFO:     127.0.0.1:58752 - "GET /alerts?user_id=1&active_only=true&limit=1 HTTP/1.1" 200 OK
INFO:     127.0.0.1:51366 - "GET /alerts?user_id=1&limit=100 HTTP/1.1" 200 OK
INFO:     127.0.0.1:51366 - "GET /alerts?user_id=1&limit=100 HTTP/1.1" 200 OK
INFO:     127.0.0.1:58313 - "GET /alerts?user_id=1&active_only=true&limit=1 HTTP/1.1" 200 OK
INFO:     127.0.0.1:62981 - "GET /alerts?user_id=1&active_only=true&limit=1 HTTP/1.1" 200 OK
INFO:     127.0.0.1:52585 - "GET /alerts?user_id=1&active_only=true&limit=1 HTTP/1.1" 200 OK
INFO:     127.0.0.1:55586 - "GET /alerts?user_id=1&active_only=true&limit=1 HTTP/1.1" 200 OK
INFO:     127.0.0.1:61506 - "GET /alerts?user_id=1&active_only=true&limit=1 HTTP/1.1" 200 OK
INFO:     127.0.0.1:61419 - "GET /alerts?user_id=1&limit=100 HTTP/1.1" 200 OK
INFO:     127.0.0.1:61419 - "GET /alerts?user_id=1&limit=100 HTTP/1.1" 200 OK
INFO:     127.0.0.1:61419 - "GET /alerts?user_id=1&active_only=true&limit=1 HTTP/1.1" 200 OK
INFO:     127.0.0.1:55851 - "GET /alerts?user_id=1&active_only=true&limit=1 HTTP/1.1" 200 OK
INFO:     127.0.0.1:55433 - "GET /alerts?user_id=1&active_only=true&limit=1 HTTP/1.1" 200 OK
INFO:     127.0.0.1:61176 - "GET /alerts?user_id=1&active_only=true&limit=1 HTTP/1.1" 200 OK
INFO:     127.0.0.1:52801 - "GET /alerts?user_id=1&active_only=true&limit=1 HTTP/1.1" 200 OK
INFO:     127.0.0.1:58702 - "GET /alerts?user_id=1&active_only=true&limit=1 HTTP/1.1" 200 OK
INFO:     127.0.0.1:51346 - "GET /alerts?user_id=1&limit=100 HTTP/1.1" 200 OK
INFO:     127.0.0.1:51346 - "GET /alerts?user_id=1&limit=100 HTTP/1.1" 200 OK
INFO:     127.0.0.1:50376 - "GET /alerts?user_id=1&active_only=true&limit=1 HTTP/1.1" 200 OK
INFO:     127.0.0.1:63573 - "GET /alerts?user_id=1&active_only=true&limit=1 HTTP/1.1" 200 OK
INFO:     127.0.0.1:58515 - "GET /alerts?user_id=1&active_only=true&limit=1 HTTP/1.1" 200 OK
INFO:     127.0.0.1:57950 - "GET /alerts?user_id=1&active_only=true&limit=1 HTTP/1.1" 200 OK
INFO:     127.0.0.1:63039 - "GET /alerts?user_id=1&active_only=true&limit=1 HTTP/1.1" 200 OK
INFO:     127.0.0.1:52392 - "GET /alerts?user_id=1&active_only=true&limit=1 HTTP/1.1" 200 OK
INFO:     127.0.0.1:50840 - "GET /alerts?user_id=1&active_only=true&limit=1 HTTP/1.1" 200 OK
INFO:     127.0.0.1:65068 - "GET /alerts?user_id=1&active_only=true&limit=1 HTTP/1.1" 200 OK
INFO:     127.0.0.1:55795 - "GET /alerts?user_id=1&active_only=true&limit=1 HTTP/1.1" 200 OK
INFO:     127.0.0.1:63390 - "GET /alerts?user_id=1&active_only=true&limit=1 HTTP/1.1" 200 OK
INFO:     127.0.0.1:60824 - "GET /alerts?user_id=1&active_only=true&limit=1 HTTP/1.1" 200 OK
INFO:     127.0.0.1:58567 - "GET /alerts?user_id=1&active_only=true&limit=1 HTTP/1.1" 200 OK
INFO:     127.0.0.1:57377 - "GET /alerts?user_id=1&active_only=true&limit=1 HTTP/1.1" 200 OK
INFO:     127.0.0.1:50876 - "GET /alerts?user_id=1&active_only=true&limit=1 HTTP/1.1" 200 OK
INFO:     127.0.0.1:64717 - "GET /alerts?user_id=1&active_only=true&limit=1 HTTP/1.1" 200 OK
INFO:     127.0.0.1:49700 - "GET /alerts?user_id=1&active_only=true&limit=1 HTTP/1.1" 200 OK
INFO:     127.0.0.1:56345 - "GET /alerts?user_id=1&limit=100 HTTP/1.1" 200 OK
INFO:     127.0.0.1:56345 - "GET /alerts?user_id=1&limit=100 HTTP/1.1" 200 OK
INFO:     127.0.0.1:52122 - "GET /alerts?user_id=1&active_only=true&limit=1 HTTP/1.1" 200 OK
INFO:     127.0.0.1:64457 - "GET /alerts?user_id=1&active_only=true&limit=1 HTTP/1.1" 200 OK
INFO:     127.0.0.1:63077 - "GET /alerts?user_id=1&active_only=true&limit=1 HTTP/1.1" 200 OK
INFO:     127.0.0.1:51711 - "GET /alerts?user_id=1&active_only=true&limit=1 HTTP/1.1" 200 OK
INFO:     127.0.0.1:50468 - "GET /alerts?user_id=1&active_only=true&limit=1 HTTP/1.1" 200 OK
INFO:     127.0.0.1:57298 - "GET /alerts?user_id=1&active_only=true&limit=1 HTTP/1.1" 200 OK
INFO:     127.0.0.1:60576 - "GET /alerts?user_id=1&active_only=true&limit=1 HTTP/1.1" 200 OK
INFO:     127.0.0.1:62139 - "GET /alerts?user_id=1&active_only=true&limit=1 HTTP/1.1" 200 OK
INFO:     127.0.0.1:57289 - "GET /alerts?user_id=1&limit=100 HTTP/1.1" 200 OK
INFO:     127.0.0.1:57289 - "GET /alerts?user_id=1&limit=100 HTTP/1.1" 200 OK
INFO:     127.0.0.1:57289 - "GET /alerts?user_id=1&active_only=true&limit=1 HTTP/1.1" 200 OK
INFO:     127.0.0.1:64793 - "GET /alerts?user_id=1&active_only=true&limit=1 HTTP/1.1" 200 OK
INFO:     127.0.0.1:65077 - "GET /alerts?user_id=1&active_only=true&limit=1 HTTP/1.1" 200 OK
INFO:     127.0.0.1:64383 - "GET /alerts?user_id=1&active_only=true&limit=1 HTTP/1.1" 200 OK
INFO:     127.0.0.1:64919 - "GET /alerts?user_id=1&active_only=true&limit=1 HTTP/1.1" 200 OK
INFO:     127.0.0.1:54002 - "GET /alerts?user_id=1&active_only=true&limit=1 HTTP/1.1" 200 OK
INFO:     127.0.0.1:49250 - "GET /alerts?user_id=1&active_only=true&limit=1 HTTP/1.1" 200 OK
INFO:     127.0.0.1:53676 - "GET /alerts?user_id=1&active_only=true&limit=1 HTTP/1.1" 200 OK
INFO:     127.0.0.1:60844 - "GET /alerts?user_id=1&active_only=true&limit=1 HTTP/1.1" 200 OK
INFO:     127.0.0.1:60521 - "GET /alerts?user_id=1&active_only=true&limit=1 HTTP/1.1" 200 OK
INFO:     127.0.0.1:62444 - "GET /alerts?user_id=1&active_only=true&limit=1 HTTP/1.1" 200 OK
INFO:     127.0.0.1:64985 - "GET /alerts?user_id=1&active_only=true&limit=1 HTTP/1.1" 200 OK
INFO:     127.0.0.1:62319 - "GET /alerts?user_id=1&active_only=true&limit=1 HTTP/1.1" 200 OK
INFO:     127.0.0.1:52637 - "GET /alerts?user_id=1&active_only=true&limit=1 HTTP/1.1" 200 OK
INFO:     127.0.0.1:50536 - "GET /alerts?user_id=1&active_only=true&limit=1 HTTP/1.1" 200 OK
INFO:     127.0.0.1:64461 - "GET /alerts?user_id=1&active_only=true&limit=1 HTTP/1.1" 200 OK
INFO:     127.0.0.1:58935 - "GET /alerts?user_id=1&active_only=true&limit=1 HTTP/1.1" 200 OK
INFO:     127.0.0.1:54085 - "GET /alerts?user_id=1&active_only=true&limit=1 HTTP/1.1" 200 OK
INFO:     127.0.0.1:59982 - "GET /alerts?user_id=1&active_only=true&limit=1 HTTP/1.1" 200 OK
INFO:     127.0.0.1:52950 - "GET /alerts?user_id=1&active_only=true&limit=1 HTTP/1.1" 200 OK
INFO:     127.0.0.1:58900 - "GET /alerts?user_id=1&active_only=true&limit=1 HTTP/1.1" 200 OK
INFO:     127.0.0.1:64608 - "GET /alerts?user_id=1&active_only=true&limit=1 HTTP/1.1" 200 OK
INFO:     127.0.0.1:51878 - "GET /alerts?user_id=1&active_only=true&limit=1 HTTP/1.1" 200 OK
INFO:     127.0.0.1:56658 - "GET /alerts?user_id=1&active_only=true&limit=1 HTTP/1.1" 200 OK
INFO:     127.0.0.1:61714 - "GET /alerts?user_id=1&active_only=true&limit=1 HTTP/1.1" 200 OK
INFO:     127.0.0.1:49870 - "GET /alerts?user_id=1&active_only=true&limit=1 HTTP/1.1" 200 OK
INFO:     127.0.0.1:64219 - "GET /alerts?user_id=1&active_only=true&limit=1 HTTP/1.1" 200 OK
INFO:     127.0.0.1:59526 - "GET /alerts?user_id=1&active_only=true&limit=1 HTTP/1.1" 200 OK
INFO:     127.0.0.1:55398 - "GET /alerts?user_id=1&active_only=true&limit=1 HTTP/1.1" 200 OK
INFO:     127.0.0.1:50974 - "GET /alerts?user_id=1&active_only=true&limit=1 HTTP/1.1" 200 OK
INFO:     127.0.0.1:56439 - "GET /alerts?user_id=1&active_only=true&limit=1 HTTP/1.1" 200 OK
INFO:     127.0.0.1:63758 - "GET /alerts?user_id=1&active_only=true&limit=1 HTTP/1.1" 200 OK
INFO:     127.0.0.1:60029 - "GET /alerts?user_id=1&active_only=true&limit=1 HTTP/1.1" 200 OK
INFO:     127.0.0.1:64960 - "GET /alerts?user_id=1&active_only=true&limit=1 HTTP/1.1" 200 OK
INFO:     127.0.0.1:53428 - "GET /alerts?user_id=1&active_only=true&limit=1 HTTP/1.1" 200 OK
INFO:     127.0.0.1:51151 - "GET /alerts?user_id=1&active_only=true&limit=1 HTTP/1.1" 200 OK
INFO:     127.0.0.1:53619 - "GET /alerts?user_id=1&active_only=true&limit=1 HTTP/1.1" 200 OK
INFO:     127.0.0.1:64217 - "GET /alerts?user_id=1&active_only=true&limit=1 HTTP/1.1" 200 OK
INFO:     127.0.0.1:54079 - "GET /alerts?user_id=1&active_only=true&limit=1 HTTP/1.1" 200 OK
INFO:     127.0.0.1:65208 - "GET /alerts?user_id=1&active_only=true&limit=1 HTTP/1.1" 200 OK
INFO:     127.0.0.1:65208 - "GET /alerts?user_id=1&active_only=true&limit=1 HTTP/1.1" 200 OK
INFO:     127.0.0.1:52875 - "GET /alerts?user_id=1&active_only=true&limit=1 HTTP/1.1" 200 OK
INFO:     127.0.0.1:52624 - "GET /alerts?user_id=1&active_only=true&limit=1 HTTP/1.1" 200 OK
INFO:     127.0.0.1:49838 - "GET /alerts?user_id=1&active_only=true&limit=1 HTTP/1.1" 200 OK
INFO:     127.0.0.1:59414 - "GET /alerts?user_id=1&active_only=true&limit=1 HTTP/1.1" 200 OK
INFO:     127.0.0.1:53312 - "GET /alerts?user_id=1&active_only=true&limit=1 HTTP/1.1" 200 OK
INFO:     127.0.0.1:55793 - "GET /alerts?user_id=1&active_only=true&limit=1 HTTP/1.1" 200 OK
INFO:     127.0.0.1:65159 - "GET /alerts?user_id=1&limit=100 HTTP/1.1" 200 OK
INFO:     127.0.0.1:65159 - "GET /alerts?user_id=1&limit=100 HTTP/1.1" 200 OK
INFO:     127.0.0.1:62134 - "GET /alerts?user_id=1&active_only=true&limit=1 HTTP/1.1" 200 OK
INFO:     127.0.0.1:59941 - "GET /alerts?user_id=1&active_only=true&limit=1 HTTP/1.1" 200 OK
INFO:     127.0.0.1:60681 - "GET /alerts?user_id=1&active_only=true&limit=1 HTTP/1.1" 200 OK
INFO:     127.0.0.1:51813 - "GET /alerts?user_id=1&active_only=true&limit=1 HTTP/1.1" 200 OK
INFO:     127.0.0.1:61221 - "GET /alerts?user_id=1&active_only=true&limit=1 HTTP/1.1" 200 OK
INFO:     127.0.0.1:62850 - "GET /alerts?user_id=1&active_only=true&limit=1 HTTP/1.1" 200 OK
INFO:     127.0.0.1:54023 - "GET /alerts?user_id=1&active_only=true&limit=1 HTTP/1.1" 200 OK
INFO:     127.0.0.1:59580 - "GET /alerts?user_id=1&active_only=true&limit=1 HTTP/1.1" 200 OK
INFO:     127.0.0.1:59580 - "GET /alerts?user_id=1&limit=100 HTTP/1.1" 200 OK
INFO:     127.0.0.1:59580 - "GET /alerts?user_id=1&limit=100 HTTP/1.1" 200 OK
INFO:     127.0.0.1:64952 - "GET /alerts?user_id=1&active_only=true&limit=1 HTTP/1.1" 200 OK
INFO:     127.0.0.1:61869 - "GET /alerts?user_id=1&active_only=true&limit=1 HTTP/1.1" 200 OK
INFO:     127.0.0.1:50904 - "GET /alerts?user_id=1&active_only=true&limit=1 HTTP/1.1" 200 OK
INFO:     127.0.0.1:60370 - "GET /alerts?user_id=1&active_only=true&limit=1 HTTP/1.1" 200 OK
INFO:     127.0.0.1:53575 - "GET /alerts?user_id=1&active_only=true&limit=1 HTTP/1.1" 200 OK
INFO:     127.0.0.1:53212 - "GET /alerts?user_id=1&active_only=true&limit=1 HTTP/1.1" 200 OK
INFO:     127.0.0.1:57152 - "GET /alerts?user_id=1&active_only=true&limit=1 HTTP/1.1" 200 OK
INFO:     127.0.0.1:57736 - "GET /alerts?user_id=1&active_only=true&limit=1 HTTP/1.1" 200 OK
INFO:     127.0.0.1:58735 - "GET /alerts?user_id=1&active_only=true&limit=1 HTTP/1.1" 200 OK
INFO:     127.0.0.1:58735 - "GET /alerts?user_id=1&limit=100 HTTP/1.1" 200 OK
INFO:     127.0.0.1:58735 - "GET /alerts?user_id=1&limit=100 HTTP/1.1" 200 OK
INFO:     127.0.0.1:54171 - "GET /alerts?user_id=1&active_only=true&limit=1 HTTP/1.1" 200 OK
INFO:     127.0.0.1:57703 - "GET /alerts?user_id=1&active_only=true&limit=1 HTTP/1.1" 200 OK
INFO:     127.0.0.1:51403 - "GET /alerts?user_id=1&active_only=true&limit=1 HTTP/1.1" 200 OK
INFO:     127.0.0.1:56810 - "GET /alerts?user_id=1&active_only=true&limit=1 HTTP/1.1" 200 OK
INFO:     127.0.0.1:63886 - "GET /alerts?user_id=1&active_only=true&limit=1 HTTP/1.1" 200 OK
INFO:     127.0.0.1:51263 - "GET /alerts?user_id=1&active_only=true&limit=1 HTTP/1.1" 200 OK
INFO:     127.0.0.1:57786 - "GET /alerts?user_id=1&active_only=true&limit=1 HTTP/1.1" 200 OK
INFO:     127.0.0.1:61457 - "GET /alerts?user_id=1&active_only=true&limit=1 HTTP/1.1" 200 OK
INFO:     127.0.0.1:62083 - "GET /alerts?user_id=1&active_only=true&limit=1 HTTP/1.1" 200 OK
INFO:     127.0.0.1:55334 - "GET /alerts?user_id=1&active_only=true&limit=1 HTTP/1.1" 200 OK
INFO:     127.0.0.1:59345 - "GET /alerts?user_id=1&active_only=true&limit=1 HTTP/1.1" 200 OK
INFO:     127.0.0.1:64746 - "GET /alerts?user_id=1&active_only=true&limit=1 HTTP/1.1" 200 OK
INFO:     127.0.0.1:62294 - "GET /alerts?user_id=1&active_only=true&limit=1 HTTP/1.1" 200 OK
INFO:     127.0.0.1:57652 - "GET /alerts?user_id=1&active_only=true&limit=1 HTTP/1.1" 200 OK
INFO:     127.0.0.1:58076 - "GET /alerts?user_id=1&active_only=true&limit=1 HTTP/1.1" 200 OK
INFO:     127.0.0.1:58116 - "GET /alerts?user_id=1&active_only=true&limit=1 HTTP/1.1" 200 OK
INFO:     127.0.0.1:52663 - "GET /alerts?user_id=1&active_only=true&limit=1 HTTP/1.1" 200 OK
INFO:     127.0.0.1:63518 - "GET /alerts?user_id=1&active_only=true&limit=1 HTTP/1.1" 200 OK
INFO:     127.0.0.1:57540 - "GET /alerts?user_id=1&active_only=true&limit=1 HTTP/1.1" 200 OK
INFO:     127.0.0.1:61896 - "GET /alerts?user_id=1&active_only=true&limit=1 HTTP/1.1" 200 OK
INFO:     127.0.0.1:58398 - "GET /alerts?user_id=1&active_only=true&limit=1 HTTP/1.1" 200 OK
INFO:     127.0.0.1:53824 - "GET /alerts?user_id=1&active_only=true&limit=1 HTTP/1.1" 200 OK
INFO:     127.0.0.1:51705 - "GET /alerts?user_id=1&limit=100 HTTP/1.1" 200 OK
INFO:     127.0.0.1:51705 - "GET /alerts?user_id=1&limit=100 HTTP/1.1" 200 OK
INFO:     127.0.0.1:51198 - "GET /alerts?user_id=1&active_only=true&limit=1 HTTP/1.1" 200 OK
INFO:     127.0.0.1:49213 - "GET /alerts?user_id=1&active_only=true&limit=1 HTTP/1.1" 200 OK
INFO:     127.0.0.1:56594 - "GET /alerts?user_id=1&active_only=true&limit=1 HTTP/1.1" 200 OK
INFO:     127.0.0.1:62208 - "GET /alerts?user_id=1&active_only=true&limit=1 HTTP/1.1" 200 OK
INFO:     127.0.0.1:53075 - "GET /alerts?user_id=1&active_only=true&limit=1 HTTP/1.1" 200 OK
INFO:     127.0.0.1:63095 - "GET /alerts?user_id=1&active_only=true&limit=1 HTTP/1.1" 200 OK
INFO:     127.0.0.1:60022 - "GET /alerts?user_id=1&active_only=true&limit=1 HTTP/1.1" 200 OK
INFO:     127.0.0.1:51055 - "GET /alerts?user_id=1&active_only=true&limit=1 HTTP/1.1" 200 OK
INFO:     127.0.0.1:49774 - "GET /alerts?user_id=1&active_only=true&limit=1 HTTP/1.1" 200 OK
INFO:     127.0.0.1:50062 - "GET /alerts?user_id=1&active_only=true&limit=1 HTTP/1.1" 200 OK
INFO:     127.0.0.1:54163 - "GET /alerts?user_id=1&active_only=true&limit=1 HTTP/1.1" 200 OK
INFO:     127.0.0.1:52717 - "GET /alerts?user_id=1&active_only=true&limit=1 HTTP/1.1" 200 OK
INFO:     127.0.0.1:55436 - "GET /alerts?user_id=1&active_only=true&limit=1 HTTP/1.1" 200 OK
INFO:     127.0.0.1:61968 - "GET /alerts?user_id=1&active_only=true&limit=1 HTTP/1.1" 200 OK
INFO:     127.0.0.1:56552 - "GET /alerts?user_id=1&active_only=true&limit=1 HTTP/1.1" 200 OK
INFO:     127.0.0.1:53401 - "GET /alerts?user_id=1&limit=100 HTTP/1.1" 200 OK
INFO:     127.0.0.1:53401 - "GET /alerts?user_id=1&limit=100 HTTP/1.1" 200 OK
INFO:     127.0.0.1:52971 - "GET /alerts?user_id=1&active_only=true&limit=1 HTTP/1.1" 200 OK
INFO:     127.0.0.1:55488 - "GET /alerts?user_id=1&active_only=true&limit=1 HTTP/1.1" 200 OK
INFO:     127.0.0.1:56645 - "GET /alerts?user_id=1&active_only=true&limit=1 HTTP/1.1" 200 OK
INFO:     127.0.0.1:58658 - "GET /alerts?user_id=1&active_only=true&limit=1 HTTP/1.1" 200 OK
INFO:     127.0.0.1:63716 - "GET /alerts?user_id=1&active_only=true&limit=1 HTTP/1.1" 200 OK
INFO:     127.0.0.1:60075 - "GET /alerts?user_id=1&active_only=true&limit=1 HTTP/1.1" 200 OK
INFO:     127.0.0.1:63552 - "GET /alerts?user_id=1&active_only=true&limit=1 HTTP/1.1" 200 OK
INFO:     127.0.0.1:53262 - "GET /alerts?user_id=1&active_only=true&limit=1 HTTP/1.1" 200 OK
INFO:     127.0.0.1:65080 - "GET /alerts?user_id=1&active_only=true&limit=1 HTTP/1.1" 200 OK
INFO:     127.0.0.1:64903 - "GET /alerts?user_id=1&active_only=true&limit=1 HTTP/1.1" 200 OK
INFO:     127.0.0.1:59784 - "GET /alerts?user_id=1&active_only=true&limit=1 HTTP/1.1" 200 OK
INFO:     127.0.0.1:55022 - "GET /alerts?user_id=1&active_only=true&limit=1 HTTP/1.1" 200 OK
INFO:     127.0.0.1:52358 - "GET /alerts?user_id=1&active_only=true&limit=1 HTTP/1.1" 200 OK
INFO:     127.0.0.1:59610 - "GET /alerts?user_id=1&active_only=true&limit=1 HTTP/1.1" 200 OK
INFO:     127.0.0.1:49204 - "GET /alerts?user_id=1&active_only=true&limit=1 HTTP/1.1" 200 OK
INFO:     127.0.0.1:63659 - "GET /alerts?user_id=1&active_only=true&limit=1 HTTP/1.1" 200 OK
INFO:     127.0.0.1:54330 - "GET /alerts?user_id=1&active_only=true&limit=1 HTTP/1.1" 200 OK
INFO:     127.0.0.1:58913 - "GET /alerts?user_id=1&active_only=true&limit=1 HTTP/1.1" 200 OK
INFO:     127.0.0.1:50062 - "GET /alerts?user_id=1&active_only=true&limit=1 HTTP/1.1" 200 OK
INFO:     127.0.0.1:61255 - "GET /alerts?user_id=1&active_only=true&limit=1 HTTP/1.1" 200 OK
INFO:     127.0.0.1:62794 - "GET /alerts?user_id=1&active_only=true&limit=1 HTTP/1.1" 200 OK
INFO:     127.0.0.1:59957 - "GET /alerts?user_id=1&active_only=true&limit=1 HTTP/1.1" 200 OK
INFO:     127.0.0.1:56611 - "GET /alerts?user_id=1&active_only=true&limit=1 HTTP/1.1" 200 OK
INFO:     127.0.0.1:49514 - "GET /alerts?user_id=1&active_only=true&limit=1 HTTP/1.1" 200 OK
INFO:     127.0.0.1:52471 - "GET /alerts?user_id=1&active_only=true&limit=1 HTTP/1.1" 200 OK
INFO:     127.0.0.1:54516 - "GET /favorites?user_id=1 HTTP/1.1" 404 Not Found
INFO:     127.0.0.1:54516 - "GET /favorites?user_id=1 HTTP/1.1" 404 Not Found
INFO:     127.0.0.1:63410 - "GET /alerts?user_id=1&active_only=true&limit=1 HTTP/1.1" 200 OK
INFO:     127.0.0.1:49266 - "GET /alerts?user_id=1&active_only=true&limit=1 HTTP/1.1" 200 OK
INFO:     127.0.0.1:51838 - "GET /alerts?user_id=1&active_only=true&limit=1 HTTP/1.1" 200 OK
INFO:     127.0.0.1:51838 - "GET /favorites?user_id=1 HTTP/1.1" 404 Not Found
INFO:     127.0.0.1:51838 - "GET /favorites?user_id=1 HTTP/1.1" 404 Not Found
INFO:     127.0.0.1:54319 - "GET /favorites?user_id=1 HTTP/1.1" 404 Not Found
INFO:     127.0.0.1:54319 - "GET /favorites?user_id=1 HTTP/1.1" 404 Not Found
INFO:     127.0.0.1:53193 - "GET /alerts?user_id=1&active_only=true&limit=1 HTTP/1.1" 200 OK
INFO:     127.0.0.1:60455 - "GET /alerts?user_id=1&active_only=true&limit=1 HTTP/1.1" 200 OK
INFO:     127.0.0.1:59967 - "GET /alerts?user_id=1&active_only=true&limit=1 HTTP/1.1" 200 OK
INFO:     127.0.0.1:65272 - "GET /alerts?user_id=1&active_only=true&limit=1 HTTP/1.1" 200 OK
INFO:     127.0.0.1:55159 - "GET /alerts?user_id=1&active_only=true&limit=1 HTTP/1.1" 200 OK
INFO:     127.0.0.1:59927 - "GET /alerts?user_id=1&active_only=true&limit=1 HTTP/1.1" 200 OK
INFO:     127.0.0.1:57298 - "GET /alerts?user_id=1&active_only=true&limit=1 HTTP/1.1" 200 OK
INFO:     127.0.0.1:63470 - "GET /alerts?user_id=1&active_only=true&limit=1 HTTP/1.1" 200 OK
INFO:     127.0.0.1:58153 - "GET /alerts?user_id=1&active_only=true&limit=1 HTTP/1.1" 200 OK
INFO:     127.0.0.1:50845 - "GET /alerts?user_id=1&active_only=true&limit=1 HTTP/1.1" 200 OK
INFO:     127.0.0.1:56854 - "GET /alerts?user_id=1&active_only=true&limit=1 HTTP/1.1" 200 OK
INFO:     127.0.0.1:56854 - "GET /alerts?user_id=1&active_only=true&limit=1 HTTP/1.1" 200 OK
INFO:     127.0.0.1:55604 - "GET /alerts?user_id=1&active_only=true&limit=1 HTTP/1.1" 200 OK
INFO:     127.0.0.1:52167 - "GET /alerts?user_id=1&active_only=true&limit=1 HTTP/1.1" 200 OK
INFO:     127.0.0.1:61687 - "GET /alerts?user_id=1&active_only=true&limit=1 HTTP/1.1" 200 OK
INFO:     127.0.0.1:52521 - "GET /alerts?user_id=1&active_only=true&limit=1 HTTP/1.1" 200 OK
INFO:     127.0.0.1:58605 - "GET /alerts?user_id=1&active_only=true&limit=1 HTTP/1.1" 200 OK
INFO:     127.0.0.1:59777 - "GET /alerts?user_id=1&active_only=true&limit=1 HTTP/1.1" 200 OK
INFO:     127.0.0.1:59777 - "OPTIONS /favorites HTTP/1.1" 200 OK
INFO:     127.0.0.1:59777 - "POST /favorites HTTP/1.1" 404 Not Found
INFO:     127.0.0.1:55089 - "GET /favorites?user_id=1 HTTP/1.1" 404 Not Found
INFO:     127.0.0.1:55089 - "GET /favorites?user_id=1 HTTP/1.1" 404 Not Found
INFO:     127.0.0.1:58389 - "GET /favorites?user_id=1 HTTP/1.1" 404 Not Found
INFO:     127.0.0.1:55089 - "GET /alerts?user_id=1&active_only=true&limit=1 HTTP/1.1" 200 OK
INFO:     Started server process [30632]
INFO:     Waiting for application startup.
2026-05-12 12:24:43  INFO      app.main  Service 3 – Alertes de Prix démarré
2026-05-12 12:24:43  INFO      app.database  [DB] Table 'alerts' vérifiée/créée
2026-05-12 12:24:43  INFO      app.database  [DB] Connexion OK — 60249 produits trouvés dans la DB partagée
2026-05-12 12:24:43  INFO      apscheduler.scheduler  Adding job tentatively -- it will be properly scheduled when the scheduler starts
2026-05-12 12:24:43  INFO      apscheduler.scheduler  Added job "_start_scheduler.<locals>.job_verifier" to job store "default"
2026-05-12 12:24:43  INFO      apscheduler.scheduler  Scheduler started
2026-05-12 12:24:43  INFO      app.main  [scheduler] Vérification alertes planifiée à 03:30
INFO:     Application startup complete.
INFO:     Uvicorn running on http://0.0.0.0:8003 (Press CTRL+C to quit)
INFO:     127.0.0.1:51866 - "GET /alerts?user_id=1&active_only=true&limit=1 HTTP/1.1" 200 OK
INFO:     127.0.0.1:65303 - "GET /favorites?user_id=1 HTTP/1.1" 200 OK
INFO:     127.0.0.1:65303 - "POST /favorites HTTP/1.1" 422 Unprocessable Entity
INFO:     127.0.0.1:65303 - "GET /favorites?user_id=1 HTTP/1.1" 200 OK
INFO:     127.0.0.1:56814 - "GET /favorites?user_id=1 HTTP/1.1" 200 OK
INFO:     127.0.0.1:51826 - "GET /alerts?user_id=1&active_only=true&limit=1 HTTP/1.1" 200 OK
INFO:     127.0.0.1:57170 - "GET /alerts?user_id=1&active_only=true&limit=1 HTTP/1.1" 200 OK
INFO:     127.0.0.1:55062 - "GET /alerts?user_id=1&active_only=true&limit=1 HTTP/1.1" 200 OK
INFO:     127.0.0.1:55363 - "GET /alerts?user_id=1&active_only=true&limit=1 HTTP/1.1" 200 OK
INFO:     127.0.0.1:65391 - "GET /alerts?user_id=1&active_only=true&limit=1 HTTP/1.1" 200 OK
INFO:     127.0.0.1:53332 - "POST /favorites HTTP/1.1" 422 Unprocessable Entity
INFO:     127.0.0.1:58077 - "GET /alerts?user_id=1&active_only=true&limit=1 HTTP/1.1" 200 OK
INFO:     127.0.0.1:49821 - "GET /alerts?user_id=1&active_only=true&limit=1 HTTP/1.1" 200 OK
INFO:     127.0.0.1:49953 - "GET /alerts?user_id=1&active_only=true&limit=1 HTTP/1.1" 200 OK
INFO:     127.0.0.1:54793 - "GET /alerts?user_id=1&active_only=true&limit=1 HTTP/1.1" 200 OK
INFO:     127.0.0.1:49479 - "GET /alerts?user_id=1&active_only=true&limit=1 HTTP/1.1" 200 OK
INFO:     127.0.0.1:60851 - "GET /alerts?user_id=1&active_only=true&limit=1 HTTP/1.1" 200 OK
INFO:     127.0.0.1:53227 - "GET /alerts?user_id=1&active_only=true&limit=1 HTTP/1.1" 200 OK
INFO:     127.0.0.1:61890 - "GET /alerts?user_id=1&active_only=true&limit=1 HTTP/1.1" 200 OK
^CINFO:     Started server process [27908]
INFO:     Waiting for application startup.
2026-05-12 12:32:06  INFO      app.main  Service 3 – Alertes de Prix démarré
2026-05-12 12:32:07  INFO      app.database  [DB] Table 'alerts' vérifiée/créée
2026-05-12 12:32:07  INFO      app.database  [DB] Connexion OK — 60249 produits trouvés dans la DB partagée
2026-05-12 12:32:07  INFO      apscheduler.scheduler  Adding job tentatively -- it will be properly scheduled when the scheduler starts
2026-05-12 12:32:07  INFO      apscheduler.scheduler  Added job "_start_scheduler.<locals>.job_verifier" to job store "default"
2026-05-12 12:32:07  INFO      apscheduler.scheduler  Scheduler started
2026-05-12 12:32:07  INFO      app.main  [scheduler] Vérification alertes planifiée à 03:30
INFO:     Application startup complete.
INFO:     Uvicorn running on http://0.0.0.0:8003 (Press CTRL+C to quit)
INFO:     127.0.0.1:57606 - "GET /alerts?user_id=1&active_only=true&limit=1 HTTP/1.1" 200 OK
INFO:     127.0.0.1:49996 - "GET /alerts?user_id=1&active_only=true&limit=1 HTTP/1.1" 200 OK
INFO:     127.0.0.1:62501 - "GET /alerts?user_id=1&active_only=true&limit=1 HTTP/1.1" 200 OK
INFO:     127.0.0.1:57259 - "GET /alerts?user_id=1&active_only=true&limit=1 HTTP/1.1" 200 OK
INFO:     127.0.0.1:61746 - "GET /alerts?user_id=1&active_only=true&limit=1 HTTP/1.1" 200 OK
INFO:     127.0.0.1:49696 - "GET /alerts?user_id=1&active_only=true&limit=1 HTTP/1.1" 200 OK
INFO:     127.0.0.1:52795 - "OPTIONS /favorites HTTP/1.1" 200 OK
INFO:     127.0.0.1:52795 - "POST /favorites HTTP/1.1" 201 Created
INFO:     127.0.0.1:64721 - "GET /favorites?user_id=1 HTTP/1.1" 200 OK
INFO:     127.0.0.1:64721 - "GET /favorites?user_id=1 HTTP/1.1" 200 OK
INFO:     127.0.0.1:60775 - "GET /alerts?user_id=1&active_only=true&limit=1 HTTP/1.1" 200 OK
INFO:     127.0.0.1:57014 - "GET /alerts?user_id=1&active_only=true&limit=1 HTTP/1.1" 200 OK
INFO:     127.0.0.1:58670 - "GET /alerts?user_id=1&active_only=true&limit=1 HTTP/1.1" 200 OK
INFO:     127.0.0.1:58775 - "GET /alerts?user_id=1&active_only=true&limit=1 HTTP/1.1" 200 OK
INFO:     127.0.0.1:56708 - "GET /alerts?user_id=1&active_only=true&limit=1 HTTP/1.1" 200 OK
INFO:     127.0.0.1:56280 - "GET /alerts?user_id=1&active_only=true&limit=1 HTTP/1.1" 200 OK
INFO:     127.0.0.1:61045 - "GET /alerts?user_id=1&active_only=true&limit=1 HTTP/1.1" 200 OK
INFO:     127.0.0.1:50814 - "GET /alerts?user_id=1&active_only=true&limit=1 HTTP/1.1" 200 OK
INFO:     127.0.0.1:59607 - "GET /alerts?user_id=1&active_only=true&limit=1 HTTP/1.1" 200 OK
INFO:     127.0.0.1:62919 - "GET /alerts?user_id=1&active_only=true&limit=1 HTTP/1.1" 200 OK
INFO:     127.0.0.1:55525 - "GET /alerts?user_id=1&active_only=true&limit=1 HTTP/1.1" 200 OK
INFO:     127.0.0.1:53893 - "GET /alerts?user_id=1&active_only=true&limit=1 HTTP/1.1" 200 OK
INFO:     127.0.0.1:61176 - "GET /alerts?user_id=1&active_only=true&limit=1 HTTP/1.1" 200 OK
INFO:     127.0.0.1:51133 - "GET /alerts?user_id=1&active_only=true&limit=1 HTTP/1.1" 200 OK
INFO:     127.0.0.1:52086 - "GET /alerts?user_id=1&active_only=true&limit=1 HTTP/1.1" 200 OK
INFO:     127.0.0.1:65110 - "GET /alerts?user_id=1&active_only=true&limit=1 HTTP/1.1" 200 OK
INFO:     127.0.0.1:50810 - "GET /alerts?user_id=1&active_only=true&limit=1 HTTP/1.1" 200 OK
INFO:     127.0.0.1:53891 - "GET /alerts?user_id=1&active_only=true&limit=1 HTTP/1.1" 200 OK
INFO:     127.0.0.1:61770 - "GET /alerts?user_id=1&active_only=true&limit=1 HTTP/1.1" 200 OK
INFO:     127.0.0.1:63151 - "GET /alerts?user_id=1&active_only=true&limit=1 HTTP/1.1" 200 OK
INFO:     127.0.0.1:50841 - "GET /alerts?user_id=1&active_only=true&limit=1 HTTP/1.1" 200 OK
INFO:     127.0.0.1:60753 - "GET /alerts?user_id=1&active_only=true&limit=1 HTTP/1.1" 200 OK
INFO:     127.0.0.1:57238 - "GET /alerts?user_id=1&active_only=true&limit=1 HTTP/1.1" 200 OK
INFO:     127.0.0.1:55320 - "GET /alerts?user_id=1&active_only=true&limit=1 HTTP/1.1" 200 OK
INFO:     127.0.0.1:62828 - "GET /alerts?user_id=1&active_only=true&limit=1 HTTP/1.1" 200 OK
INFO:     127.0.0.1:65509 - "GET /alerts?user_id=1&active_only=true&limit=1 HTTP/1.1" 200 OK
INFO:     127.0.0.1:56522 - "GET /alerts?user_id=1&active_only=true&limit=1 HTTP/1.1" 200 OK
INFO:     127.0.0.1:55400 - "GET /alerts?user_id=1&active_only=true&limit=1 HTTP/1.1" 200 OK
INFO:     127.0.0.1:63790 - "GET /alerts?user_id=1&active_only=true&limit=1 HTTP/1.1" 200 OK
INFO:     127.0.0.1:60535 - "GET /alerts?user_id=1&active_only=true&limit=1 HTTP/1.1" 200 OK
INFO:     127.0.0.1:53451 - "GET /alerts?user_id=1&active_only=true&limit=1 HTTP/1.1" 200 OK
INFO:     127.0.0.1:59774 - "GET /alerts?user_id=1&active_only=true&limit=1 HTTP/1.1" 200 OK
INFO:     127.0.0.1:59287 - "GET /alerts?user_id=1&active_only=true&limit=1 HTTP/1.1" 200 OK
INFO:     127.0.0.1:58280 - "GET /alerts?user_id=1&active_only=true&limit=1 HTTP/1.1" 200 OK
INFO:     127.0.0.1:58277 - "GET /alerts?user_id=1&active_only=true&limit=1 HTTP/1.1" 200 OK
INFO:     127.0.0.1:53935 - "GET /alerts?user_id=1&active_only=true&limit=1 HTTP/1.1" 200 OK
INFO:     127.0.0.1:51705 - "GET /alerts?user_id=1&active_only=true&limit=1 HTTP/1.1" 200 OK
INFO:     127.0.0.1:57677 - "GET /alerts?user_id=1&active_only=true&limit=1 HTTP/1.1" 200 OK
INFO:     127.0.0.1:61195 - "GET /alerts?user_id=1&active_only=true&limit=1 HTTP/1.1" 200 OK
INFO:     127.0.0.1:61762 - "GET /alerts?user_id=1&active_only=true&limit=1 HTTP/1.1" 200 OK
INFO:     127.0.0.1:57649 - "GET /alerts?user_id=1&active_only=true&limit=1 HTTP/1.1" 200 OK
INFO:     127.0.0.1:52737 - "GET /alerts?user_id=1&active_only=true&limit=1 HTTP/1.1" 200 OK
INFO:     127.0.0.1:50710 - "GET /alerts?user_id=1&active_only=true&limit=1 HTTP/1.1" 200 OK
INFO:     127.0.0.1:61696 - "GET /alerts?user_id=1&active_only=true&limit=1 HTTP/1.1" 200 OK
INFO:     127.0.0.1:58057 - "GET /alerts?user_id=1&active_only=true&limit=1 HTTP/1.1" 200 OK
INFO:     127.0.0.1:54373 - "GET /alerts?user_id=1&active_only=true&limit=1 HTTP/1.1" 200 OK
INFO:     127.0.0.1:50656 - "GET /alerts?user_id=1&active_only=true&limit=1 HTTP/1.1" 200 OK
INFO:     127.0.0.1:58037 - "GET /alerts?user_id=1&active_only=true&limit=1 HTTP/1.1" 200 OK
INFO:     127.0.0.1:61297 - "GET /alerts?user_id=1&active_only=true&limit=1 HTTP/1.1" 200 OK
INFO:     127.0.0.1:50407 - "GET /alerts?user_id=1&active_only=true&limit=1 HTTP/1.1" 200 OK
INFO:     127.0.0.1:55366 - "GET /alerts?user_id=1&active_only=true&limit=1 HTTP/1.1" 200 OK
INFO:     127.0.0.1:55884 - "GET /alerts?user_id=1&active_only=true&limit=1 HTTP/1.1" 200 OK
INFO:     127.0.0.1:63492 - "GET /alerts?user_id=1&active_only=true&limit=1 HTTP/1.1" 200 OK
INFO:     127.0.0.1:55725 - "GET /alerts?user_id=1&active_only=true&limit=1 HTTP/1.1" 200 OK
INFO:     127.0.0.1:51705 - "GET /alerts?user_id=1&active_only=true&limit=1 HTTP/1.1" 200 OK
INFO:     127.0.0.1:55056 - "GET /alerts?user_id=1&active_only=true&limit=1 HTTP/1.1" 200 OK
INFO:     127.0.0.1:50882 - "GET /alerts?user_id=1&active_only=true&limit=1 HTTP/1.1" 200 OK
INFO:     127.0.0.1:65201 - "GET /alerts?user_id=1&active_only=true&limit=1 HTTP/1.1" 200 OK
INFO:     127.0.0.1:56348 - "GET /alerts?user_id=1&active_only=true&limit=1 HTTP/1.1" 200 OK
INFO:     127.0.0.1:56181 - "GET /alerts?user_id=1&active_only=true&limit=1 HTTP/1.1" 200 OK
INFO:     127.0.0.1:64041 - "GET /alerts?user_id=1&active_only=true&limit=1 HTTP/1.1" 200 OK
INFO:     127.0.0.1:52541 - "GET /alerts?user_id=1&active_only=true&limit=1 HTTP/1.1" 200 OK
INFO:     127.0.0.1:56840 - "GET /alerts?user_id=1&active_only=true&limit=1 HTTP/1.1" 200 OK
INFO:     127.0.0.1:55019 - "GET /alerts?user_id=1&active_only=true&limit=1 HTTP/1.1" 200 OK
INFO:     127.0.0.1:53910 - "GET /alerts?user_id=1&active_only=true&limit=1 HTTP/1.1" 200 OK
INFO:     127.0.0.1:53476 - "GET /alerts?user_id=1&active_only=true&limit=1 HTTP/1.1" 200 OK
INFO:     127.0.0.1:62008 - "GET /alerts?user_id=1&active_only=true&limit=1 HTTP/1.1" 200 OK
INFO:     127.0.0.1:61250 - "GET /alerts?user_id=1&active_only=true&limit=1 HTTP/1.1" 200 OK
INFO:     127.0.0.1:54074 - "GET /alerts?user_id=1&active_only=true&limit=1 HTTP/1.1" 200 OK
INFO:     127.0.0.1:50934 - "GET /alerts?user_id=1&active_only=true&limit=1 HTTP/1.1" 200 OK
INFO:     127.0.0.1:57637 - "GET /alerts?user_id=1&active_only=true&limit=1 HTTP/1.1" 200 OK
INFO:     127.0.0.1:58589 - "GET /alerts?user_id=1&active_only=true&limit=1 HTTP/1.1" 200 OK
INFO:     127.0.0.1:58234 - "GET /alerts?user_id=1&active_only=true&limit=1 HTTP/1.1" 200 OK
INFO:     127.0.0.1:62111 - "GET /alerts?user_id=1&active_only=true&limit=1 HTTP/1.1" 200 OK
INFO:     127.0.0.1:60969 - "GET /alerts?user_id=1&active_only=true&limit=1 HTTP/1.1" 200 OK
INFO:     127.0.0.1:59292 - "GET /alerts?user_id=1&active_only=true&limit=1 HTTP/1.1" 200 OK
INFO:     127.0.0.1:54457 - "GET /alerts?user_id=1&active_only=true&limit=1 HTTP/1.1" 200 OK
INFO:     127.0.0.1:62857 - "GET /alerts?user_id=1&active_only=true&limit=1 HTTP/1.1" 200 OK
INFO:     127.0.0.1:49928 - "GET /alerts?user_id=1&active_only=true&limit=1 HTTP/1.1" 200 OK
INFO:     127.0.0.1:50060 - "GET /alerts?user_id=1&active_only=true&limit=1 HTTP/1.1" 200 OK
INFO:     127.0.0.1:53064 - "GET /alerts?user_id=1&active_only=true&limit=1 HTTP/1.1" 200 OK
INFO:     127.0.0.1:53064 - "GET /alerts?user_id=1&active_only=true&limit=1 HTTP/1.1" 200 OK
INFO:     127.0.0.1:62461 - "GET /alerts?user_id=1&active_only=true&limit=1 HTTP/1.1" 200 OK
INFO:     127.0.0.1:57024 - "GET /alerts?user_id=1&active_only=true&limit=1 HTTP/1.1" 200 OK
INFO:     127.0.0.1:63947 - "GET /alerts?user_id=1&active_only=true&limit=1 HTTP/1.1" 200 OK
INFO:     127.0.0.1:65418 - "GET /alerts?user_id=1&active_only=true&limit=1 HTTP/1.1" 200 OK
INFO:     127.0.0.1:65141 - "GET /alerts?user_id=1&active_only=true&limit=1 HTTP/1.1" 200 OK
INFO:     127.0.0.1:65431 - "GET /alerts?user_id=1&active_only=true&limit=1 HTTP/1.1" 200 OK
^CINFO:     Started server process [37716]
INFO:     Waiting for application startup.
2026-05-12 14:52:10  INFO      app.main  Service 3 – Alertes de Prix démarré
2026-05-12 14:52:10  INFO      app.database  [DB] Table 'alerts' vérifiée/créée
2026-05-12 14:52:10  INFO      app.database  [DB] Connexion OK — 60410 produits trouvés dans la DB partagée
2026-05-12 14:52:10  INFO      apscheduler.scheduler  Adding job tentatively -- it will be properly scheduled when the scheduler starts
2026-05-12 14:52:10  INFO      apscheduler.scheduler  Added job "_start_scheduler.<locals>.job_verifier" to job store "default"
2026-05-12 14:52:10  INFO      apscheduler.scheduler  Scheduler started
2026-05-12 14:52:10  INFO      app.main  [scheduler] Vérification alertes planifiée à 03:30
INFO:     Application startup complete.
INFO:     Uvicorn running on http://0.0.0.0:8003 (Press CTRL+C to quit)
INFO:     127.0.0.1:65265 - "GET /alerts?user_id=1&active_only=true&limit=1 HTTP/1.1" 200 OK
INFO:     127.0.0.1:63505 - "GET /alerts?user_id=1&active_only=true&limit=1 HTTP/1.1" 200 OK
INFO:     127.0.0.1:64108 - "GET /alerts?user_id=1&active_only=true&limit=1 HTTP/1.1" 200 OK
INFO:     127.0.0.1:52025 - "GET /alerts?user_id=1&active_only=true&limit=1 HTTP/1.1" 200 OK
INFO:     127.0.0.1:60501 - "GET /alerts?user_id=1&active_only=true&limit=1 HTTP/1.1" 200 OK
INFO:     127.0.0.1:50878 - "GET /alerts?user_id=1&active_only=true&limit=1 HTTP/1.1" 200 OK
INFO:     127.0.0.1:50263 - "GET /alerts?user_id=1&active_only=true&limit=1 HTTP/1.1" 200 OK
INFO:     127.0.0.1:59610 - "GET /alerts?user_id=1&active_only=true&limit=1 HTTP/1.1" 200 OK
INFO:     127.0.0.1:58603 - "GET /alerts?user_id=1&active_only=true&limit=1 HTTP/1.1" 200 OK
INFO:     127.0.0.1:64073 - "GET /alerts?user_id=1&active_only=true&limit=1 HTTP/1.1" 200 OK
INFO:     127.0.0.1:49204 - "GET /alerts?user_id=1&active_only=true&limit=1 HTTP/1.1" 200 OK
INFO:     127.0.0.1:61072 - "GET /alerts?user_id=1&active_only=true&limit=1 HTTP/1.1" 200 OK
INFO:     127.0.0.1:55912 - "GET /alerts?user_id=1&active_only=true&limit=1 HTTP/1.1" 200 OK
INFO:     127.0.0.1:59334 - "GET /alerts?user_id=1&active_only=true&limit=1 HTTP/1.1" 200 OK
INFO:     127.0.0.1:53077 - "GET /alerts?user_id=1&active_only=true&limit=1 HTTP/1.1" 200 OK
INFO:     127.0.0.1:60416 - "GET /alerts?user_id=1&active_only=true&limit=1 HTTP/1.1" 200 OK
INFO:     127.0.0.1:56181 - "GET /alerts?user_id=1&active_only=true&limit=1 HTTP/1.1" 200 OK
INFO:     127.0.0.1:64776 - "GET /alerts?user_id=1&active_only=true&limit=1 HTTP/1.1" 200 OK
INFO:     127.0.0.1:53385 - "GET /alerts?user_id=1&active_only=true&limit=1 HTTP/1.1" 200 OK
INFO:     127.0.0.1:54192 - "GET /alerts?user_id=1&active_only=true&limit=1 HTTP/1.1" 200 OK
INFO:     127.0.0.1:51332 - "GET /alerts?user_id=1&active_only=true&limit=1 HTTP/1.1" 200 OK
INFO:     127.0.0.1:65059 - "GET /alerts?user_id=1&active_only=true&limit=1 HTTP/1.1" 200 OK
INFO:     127.0.0.1:55820 - "GET /alerts?user_id=1&limit=100 HTTP/1.1" 200 OK
INFO:     127.0.0.1:55820 - "GET /alerts?user_id=1&limit=100 HTTP/1.1" 200 OK
INFO:     127.0.0.1:55820 - "GET /favorites?user_id=1 HTTP/1.1" 200 OK
INFO:     127.0.0.1:65175 - "GET /favorites?user_id=1 HTTP/1.1" 200 OK
INFO:     127.0.0.1:65175 - "GET /alerts?user_id=1&active_only=true&limit=1 HTTP/1.1" 200 OK
INFO:     127.0.0.1:51917 - "GET /alerts?user_id=1&active_only=true&limit=1 HTTP/1.1" 200 OK
INFO:     127.0.0.1:49819 - "GET /alerts?user_id=1&active_only=true&limit=1 HTTP/1.1" 200 OK
INFO:     127.0.0.1:56870 - "GET /alerts?user_id=1&active_only=true&limit=1 HTTP/1.1" 200 OK
INFO:     127.0.0.1:57912 - "GET /alerts?user_id=1&active_only=true&limit=1 HTTP/1.1" 200 OK
INFO:     127.0.0.1:59548 - "GET /alerts?user_id=1&active_only=true&limit=1 HTTP/1.1" 200 OK
INFO:     127.0.0.1:50060 - "GET /alerts?user_id=1&active_only=true&limit=1 HTTP/1.1" 200 OK
INFO:     127.0.0.1:53090 - "GET /alerts?user_id=1&active_only=true&limit=1 HTTP/1.1" 200 OK
INFO:     127.0.0.1:59901 - "GET /alerts?user_id=1&active_only=true&limit=1 HTTP/1.1" 200 OK
INFO:     127.0.0.1:50385 - "GET /alerts?user_id=1&active_only=true&limit=1 HTTP/1.1" 200 OK
INFO:     127.0.0.1:53182 - "GET /alerts?user_id=1&active_only=true&limit=1 HTTP/1.1" 200 OK
INFO:     127.0.0.1:49846 - "GET /alerts?user_id=1&active_only=true&limit=1 HTTP/1.1" 200 OK
INFO:     127.0.0.1:63660 - "GET /alerts?user_id=1&active_only=true&limit=1 HTTP/1.1" 200 OK
INFO:     127.0.0.1:55372 - "GET /alerts?user_id=1&active_only=true&limit=1 HTTP/1.1" 200 OK
INFO:     127.0.0.1:53511 - "GET /alerts?user_id=1&active_only=true&limit=1 HTTP/1.1" 200 OK
INFO:     127.0.0.1:59592 - "GET /alerts?user_id=1&active_only=true&limit=1 HTTP/1.1" 200 OK
INFO:     127.0.0.1:49403 - "GET /alerts?user_id=1&active_only=true&limit=1 HTTP/1.1" 200 OK
INFO:     127.0.0.1:50237 - "GET /alerts?user_id=1&active_only=true&limit=1 HTTP/1.1" 200 OK
INFO:     127.0.0.1:55021 - "GET /alerts?user_id=1&active_only=true&limit=1 HTTP/1.1" 200 OK
INFO:     127.0.0.1:49466 - "GET /alerts?user_id=1&active_only=true&limit=1 HTTP/1.1" 200 OK
INFO:     127.0.0.1:60134 - "GET /alerts?user_id=1&active_only=true&limit=1 HTTP/1.1" 200 OK
INFO:     127.0.0.1:49736 - "GET /alerts?user_id=1&active_only=true&limit=1 HTTP/1.1" 200 OK
INFO:     127.0.0.1:61178 - "GET /alerts?user_id=1&active_only=true&limit=1 HTTP/1.1" 200 OK
INFO:     127.0.0.1:57068 - "GET /alerts?user_id=1&active_only=true&limit=1 HTTP/1.1" 200 OK
INFO:     127.0.0.1:57068 - "GET /alerts?user_id=1&active_only=true&limit=1 HTTP/1.1" 200 OK
INFO:     127.0.0.1:64445 - "GET /alerts?user_id=1&limit=100 HTTP/1.1" 200 OK
INFO:     127.0.0.1:64445 - "GET /alerts?user_id=1&limit=100 HTTP/1.1" 200 OK
INFO:     127.0.0.1:52234 - "GET /alerts?user_id=16&active_only=true&limit=1 HTTP/1.1" 200 OK
INFO:     127.0.0.1:54015 - "GET /alerts?user_id=16&active_only=true&limit=1 HTTP/1.1" 200 OK
INFO:     127.0.0.1:56647 - "GET /alerts?user_id=16&active_only=true&limit=1 HTTP/1.1" 200 OK
INFO:     127.0.0.1:64281 - "OPTIONS /favorites HTTP/1.1" 200 OK
INFO:     127.0.0.1:64281 - "POST /favorites HTTP/1.1" 201 Created
INFO:     127.0.0.1:54350 - "GET /alerts?user_id=16&active_only=true&limit=1 HTTP/1.1" 200 OK
INFO:     127.0.0.1:54350 - "GET /alerts?user_id=16&active_only=true&limit=1 HTTP/1.1" 200 OK
INFO:     127.0.0.1:56856 - "POST /favorites HTTP/1.1" 201 Created
INFO:     127.0.0.1:56856 - "GET /favorites?user_id=16 HTTP/1.1" 200 OK
INFO:     127.0.0.1:50084 - "GET /favorites?user_id=16 HTTP/1.1" 200 OK
INFO:     127.0.0.1:62152 - "GET /favorites?user_id=16 HTTP/1.1" 200 OK
INFO:     127.0.0.1:62152 - "GET /favorites?user_id=16 HTTP/1.1" 200 OK
INFO:     127.0.0.1:62932 - "GET /alerts?user_id=16&active_only=true&limit=1 HTTP/1.1" 200 OK
INFO:     127.0.0.1:60185 - "GET /alerts?user_id=16&active_only=true&limit=1 HTTP/1.1" 200 OK
INFO:     127.0.0.1:57116 - "GET /favorites?user_id=16 HTTP/1.1" 200 OK
INFO:     127.0.0.1:57116 - "GET /favorites?user_id=16 HTTP/1.1" 200 OK
INFO:     127.0.0.1:57116 - "GET /alerts?user_id=16&active_only=true&limit=1 HTTP/1.1" 200 OK
INFO:     127.0.0.1:57116 - "GET /alerts?user_id=16&active_only=true&limit=1 HTTP/1.1" 200 OK
INFO:     127.0.0.1:57116 - "GET /favorites?user_id=16 HTTP/1.1" 200 OK
INFO:     127.0.0.1:51546 - "GET /favorites?user_id=16 HTTP/1.1" 200 OK
INFO:     127.0.0.1:60301 - "GET /alerts?user_id=16&active_only=true&limit=1 HTTP/1.1" 200 OK
INFO:     127.0.0.1:60301 - "GET /alerts?user_id=16&active_only=true&limit=1 HTTP/1.1" 200 OK
INFO:     127.0.0.1:60301 - "GET /favorites?user_id=16 HTTP/1.1" 200 OK
INFO:     127.0.0.1:60301 - "GET /favorites?user_id=16 HTTP/1.1" 200 OK
INFO:     127.0.0.1:56185 - "GET /alerts?user_id=16&active_only=true&limit=1 HTTP/1.1" 200 OK
INFO:     127.0.0.1:54062 - "GET /alerts?user_id=16&active_only=true&limit=1 HTTP/1.1" 200 OK
INFO:     127.0.0.1:51806 - "GET /alerts?user_id=16&active_only=true&limit=1 HTTP/1.1" 200 OK
INFO:     127.0.0.1:51705 - "GET /alerts?user_id=16&active_only=true&limit=1 HTTP/1.1" 200 OK
INFO:     127.0.0.1:60497 - "GET /alerts?user_id=16&active_only=true&limit=1 HTTP/1.1" 200 OK
INFO:     127.0.0.1:65168 - "GET /alerts?user_id=16&active_only=true&limit=1 HTTP/1.1" 200 OK
INFO:     127.0.0.1:50134 - "GET /alerts?user_id=16&active_only=true&limit=1 HTTP/1.1" 200 OK
INFO:     127.0.0.1:50134 - "GET /favorites?user_id=16 HTTP/1.1" 200 OK
INFO:     127.0.0.1:50134 - "GET /favorites?user_id=16 HTTP/1.1" 200 OK
INFO:     127.0.0.1:52118 - "GET /alerts?user_id=16&active_only=true&limit=1 HTTP/1.1" 200 OK
INFO:     127.0.0.1:58598 - "GET /alerts?user_id=16&active_only=true&limit=1 HTTP/1.1" 200 OK
INFO:     127.0.0.1:58598 - "GET /favorites?user_id=16 HTTP/1.1" 200 OK
INFO:     127.0.0.1:63578 - "GET /favorites?user_id=16 HTTP/1.1" 200 OK
INFO:     127.0.0.1:55439 - "GET /alerts?user_id=16&active_only=true&limit=1 HTTP/1.1" 200 OK
INFO:     127.0.0.1:50692 - "GET /alerts?user_id=16&active_only=true&limit=1 HTTP/1.1" 200 OK
INFO:     127.0.0.1:50970 - "GET /alerts?user_id=16&active_only=true&limit=1 HTTP/1.1" 200 OK
INFO:     127.0.0.1:57878 - "GET /favorites?user_id=16 HTTP/1.1" 200 OK
INFO:     127.0.0.1:57878 - "GET /favorites?user_id=16 HTTP/1.1" 200 OK
INFO:     127.0.0.1:50457 - "GET /alerts?user_id=16&active_only=true&limit=1 HTTP/1.1" 200 OK
INFO:     127.0.0.1:59531 - "GET /alerts?user_id=16&active_only=true&limit=1 HTTP/1.1" 200 OK
INFO:     127.0.0.1:57205 - "GET /alerts?user_id=16&active_only=true&limit=1 HTTP/1.1" 200 OK
INFO:     127.0.0.1:64749 - "GET /favorites?user_id=16 HTTP/1.1" 200 OK
INFO:     127.0.0.1:64749 - "GET /favorites?user_id=16 HTTP/1.1" 200 OK
INFO:     127.0.0.1:63011 - "GET /alerts?user_id=16&active_only=true&limit=1 HTTP/1.1" 200 OK
INFO:     127.0.0.1:59375 - "GET /alerts?user_id=16&active_only=true&limit=1 HTTP/1.1" 200 OK
INFO:     127.0.0.1:59375 - "GET /favorites?user_id=16 HTTP/1.1" 200 OK
INFO:     127.0.0.1:53342 - "GET /favorites?user_id=16 HTTP/1.1" 200 OK
INFO:     127.0.0.1:54241 - "GET /alerts?user_id=16&active_only=true&limit=1 HTTP/1.1" 200 OK
INFO:     127.0.0.1:63984 - "GET /alerts?user_id=16&active_only=true&limit=1 HTTP/1.1" 200 OK
INFO:     127.0.0.1:51037 - "GET /alerts?user_id=16&active_only=true&limit=1 HTTP/1.1" 200 OK
INFO:     127.0.0.1:49902 - "GET /alerts?user_id=16&active_only=true&limit=1 HTTP/1.1" 200 OK
INFO:     127.0.0.1:54021 - "GET /alerts?user_id=16&active_only=true&limit=1 HTTP/1.1" 200 OK
INFO:     127.0.0.1:56164 - "GET /alerts?user_id=16&active_only=true&limit=1 HTTP/1.1" 200 OK
INFO:     127.0.0.1:57292 - "GET /alerts?user_id=16&active_only=true&limit=1 HTTP/1.1" 200 OK
INFO:     127.0.0.1:54388 - "GET /alerts?user_id=16&active_only=true&limit=1 HTTP/1.1" 200 OK
INFO:     127.0.0.1:62722 - "GET /alerts?user_id=16&active_only=true&limit=1 HTTP/1.1" 200 OK
INFO:     127.0.0.1:60804 - "GET /alerts?user_id=16&active_only=true&limit=1 HTTP/1.1" 200 OK
INFO:     127.0.0.1:59419 - "GET /alerts?user_id=16&active_only=true&limit=1 HTTP/1.1" 200 OK
INFO:     127.0.0.1:58109 - "GET /alerts?user_id=16&active_only=true&limit=1 HTTP/1.1" 200 OK
INFO:     127.0.0.1:52993 - "GET /alerts?user_id=16&active_only=true&limit=1 HTTP/1.1" 200 OK
INFO:     127.0.0.1:64216 - "GET /alerts?user_id=16&active_only=true&limit=1 HTTP/1.1" 200 OK
INFO:     127.0.0.1:52178 - "GET /alerts?user_id=16&active_only=true&limit=1 HTTP/1.1" 200 OK
INFO:     127.0.0.1:64909 - "GET /alerts?user_id=16&active_only=true&limit=1 HTTP/1.1" 200 OK
INFO:     127.0.0.1:55019 - "GET /alerts?user_id=16&active_only=true&limit=1 HTTP/1.1" 200 OK
INFO:     127.0.0.1:64960 - "GET /alerts?user_id=1&active_only=true&limit=1 HTTP/1.1" 200 OK
INFO:     127.0.0.1:53409 - "GET /alerts?user_id=1&active_only=true&limit=1 HTTP/1.1" 200 OK
INFO:     127.0.0.1:56059 - "GET /alerts?user_id=1&active_only=true&limit=1 HTTP/1.1" 200 OK
INFO:     127.0.0.1:50117 - "GET /alerts?user_id=1&active_only=true&limit=1 HTTP/1.1" 200 OK
INFO:     127.0.0.1:52618 - "GET /alerts?user_id=1&active_only=true&limit=1 HTTP/1.1" 200 OK
INFO:     127.0.0.1:56235 - "GET /alerts?user_id=1&active_only=true&limit=1 HTTP/1.1" 200 OK
INFO:     127.0.0.1:57965 - "GET /alerts?user_id=1&active_only=true&limit=1 HTTP/1.1" 200 OK
INFO:     127.0.0.1:58158 - "GET /alerts?user_id=1&active_only=true&limit=1 HTTP/1.1" 200 OK
INFO:     127.0.0.1:53700 - "GET /alerts?user_id=1&active_only=true&limit=1 HTTP/1.1" 200 OK
INFO:     127.0.0.1:58086 - "GET /alerts?user_id=1&active_only=true&limit=1 HTTP/1.1" 200 OK
INFO:     127.0.0.1:50952 - "GET /alerts?user_id=1&active_only=true&limit=1 HTTP/1.1" 200 OK
INFO:     127.0.0.1:56569 - "GET /alerts?user_id=1&active_only=true&limit=1 HTTP/1.1" 200 OK
INFO:     127.0.0.1:61420 - "GET /alerts?user_id=1&active_only=true&limit=1 HTTP/1.1" 200 OK
INFO:     127.0.0.1:52897 - "GET /alerts?user_id=1&active_only=true&limit=1 HTTP/1.1" 200 OK
INFO:     127.0.0.1:60547 - "GET /alerts?user_id=1&active_only=true&limit=1 HTTP/1.1" 200 OK
INFO:     127.0.0.1:61437 - "GET /alerts?user_id=1&active_only=true&limit=1 HTTP/1.1" 200 OK
INFO:     127.0.0.1:59155 - "GET /alerts?user_id=1&active_only=true&limit=1 HTTP/1.1" 200 OK
INFO:     127.0.0.1:52327 - "GET /alerts?user_id=1&active_only=true&limit=1 HTTP/1.1" 200 OK
INFO:     127.0.0.1:51412 - "GET /alerts?user_id=1&active_only=true&limit=1 HTTP/1.1" 200 OK
INFO:     127.0.0.1:55540 - "GET /alerts?user_id=1&active_only=true&limit=1 HTTP/1.1" 200 OK
INFO:     127.0.0.1:50866 - "GET /alerts?user_id=1&active_only=true&limit=1 HTTP/1.1" 200 OK
INFO:     127.0.0.1:63187 - "GET /alerts?user_id=1&active_only=true&limit=1 HTTP/1.1" 200 OK
INFO:     127.0.0.1:53557 - "GET /alerts?user_id=1&active_only=true&limit=1 HTTP/1.1" 200 OK
INFO:     127.0.0.1:65196 - "GET /alerts?user_id=1&active_only=true&limit=1 HTTP/1.1" 200 OK
INFO:     127.0.0.1:60754 - "GET /alerts?user_id=1&active_only=true&limit=1 HTTP/1.1" 200 OK
INFO:     127.0.0.1:52375 - "GET /alerts?user_id=1&active_only=true&limit=1 HTTP/1.1" 200 OK
INFO:     127.0.0.1:59486 - "GET /alerts?user_id=1&active_only=true&limit=1 HTTP/1.1" 200 OK
INFO:     127.0.0.1:59601 - "GET /alerts?user_id=1&active_only=true&limit=1 HTTP/1.1" 200 OK
INFO:     127.0.0.1:59641 - "GET /alerts?user_id=1&active_only=true&limit=1 HTTP/1.1" 200 OK
INFO:     127.0.0.1:60524 - "GET /alerts?user_id=1&active_only=true&limit=1 HTTP/1.1" 200 OK
INFO:     127.0.0.1:58594 - "GET /alerts?user_id=1&active_only=true&limit=1 HTTP/1.1" 200 OK
INFO:     127.0.0.1:58063 - "GET /alerts?user_id=1&active_only=true&limit=1 HTTP/1.1" 200 OK
INFO:     127.0.0.1:59713 - "GET /alerts?user_id=1&active_only=true&limit=1 HTTP/1.1" 200 OK
INFO:     127.0.0.1:62495 - "GET /alerts?user_id=1&active_only=true&limit=1 HTTP/1.1" 200 OK
INFO:     127.0.0.1:50513 - "GET /alerts?user_id=1&active_only=true&limit=1 HTTP/1.1" 200 OK
INFO:     127.0.0.1:64955 - "GET /alerts?user_id=1&active_only=true&limit=1 HTTP/1.1" 200 OK
INFO:     127.0.0.1:50629 - "GET /alerts?user_id=1&active_only=true&limit=1 HTTP/1.1" 200 OK
INFO:     127.0.0.1:51291 - "GET /alerts?user_id=1&active_only=true&limit=1 HTTP/1.1" 200 OK
INFO:     127.0.0.1:63622 - "GET /alerts?user_id=1&active_only=true&limit=1 HTTP/1.1" 200 OK
INFO:     127.0.0.1:63353 - "GET /alerts?user_id=1&active_only=true&limit=1 HTTP/1.1" 200 OK
INFO:     127.0.0.1:62476 - "GET /alerts?user_id=1&active_only=true&limit=1 HTTP/1.1" 200 OK
INFO:     127.0.0.1:61529 - "GET /alerts?user_id=1&active_only=true&limit=1 HTTP/1.1" 200 OK
INFO:     127.0.0.1:50247 - "GET /alerts?user_id=1&active_only=true&limit=1 HTTP/1.1" 200 OK
INFO:     127.0.0.1:50884 - "GET /alerts?user_id=1&active_only=true&limit=1 HTTP/1.1" 200 OK
INFO:     127.0.0.1:58234 - "GET /alerts?user_id=1&active_only=true&limit=1 HTTP/1.1" 200 OK
INFO:     127.0.0.1:51397 - "GET /alerts?user_id=1&active_only=true&limit=1 HTTP/1.1" 200 OK
INFO:     127.0.0.1:52473 - "GET /alerts?user_id=1&active_only=true&limit=1 HTTP/1.1" 200 OK
INFO:     127.0.0.1:57111 - "GET /alerts?user_id=1&active_only=true&limit=1 HTTP/1.1" 200 OK
INFO:     127.0.0.1:57570 - "GET /alerts?user_id=1&active_only=true&limit=1 HTTP/1.1" 200 OK
INFO:     127.0.0.1:52096 - "GET /alerts?user_id=1&active_only=true&limit=1 HTTP/1.1" 200 OK
INFO:     127.0.0.1:53271 - "GET /alerts?user_id=1&active_only=true&limit=1 HTTP/1.1" 200 OK
INFO:     127.0.0.1:49457 - "GET /alerts?user_id=1&active_only=true&limit=1 HTTP/1.1" 200 OK
INFO:     127.0.0.1:52025 - "GET /alerts?user_id=1&active_only=true&limit=1 HTTP/1.1" 200 OK
INFO:     127.0.0.1:53517 - "GET /alerts?user_id=1&active_only=true&limit=1 HTTP/1.1" 200 OK
INFO:     127.0.0.1:63790 - "GET /alerts?user_id=1&active_only=true&limit=1 HTTP/1.1" 200 OK
INFO:     127.0.0.1:54184 - "GET /alerts?user_id=1&active_only=true&limit=1 HTTP/1.1" 200 OK
INFO:     127.0.0.1:49307 - "GET /alerts?user_id=1&active_only=true&limit=1 HTTP/1.1" 200 OK
INFO:     127.0.0.1:49761 - "GET /alerts?user_id=1&active_only=true&limit=1 HTTP/1.1" 200 OK
INFO:     127.0.0.1:59399 - "GET /alerts?user_id=1&active_only=true&limit=1 HTTP/1.1" 200 OK
INFO:     127.0.0.1:49194 - "GET /alerts?user_id=1&active_only=true&limit=1 HTTP/1.1" 200 OK
INFO:     127.0.0.1:62777 - "GET /alerts?user_id=1&active_only=true&limit=1 HTTP/1.1" 200 OK
^CINFO:     Started server process [17452]
INFO:     Waiting for application startup.
2026-05-13 10:52:00  INFO      app.main  Service 3 – Alertes de Prix démarré
2026-05-13 10:52:01  INFO      app.database  [DB] Table 'alerts' vérifiée/créée
2026-05-13 10:52:01  INFO      app.database  [DB] Connexion OK — 60410 produits trouvés dans la DB partagée
2026-05-13 10:52:01  INFO      apscheduler.scheduler  Adding job tentatively -- it will be properly scheduled when the scheduler starts
2026-05-13 10:52:01  INFO      apscheduler.scheduler  Added job "_start_scheduler.<locals>.job_verifier" to job store "default"
2026-05-13 10:52:01  INFO      apscheduler.scheduler  Scheduler started
2026-05-13 10:52:01  INFO      app.main  [scheduler] Vérification alertes planifiée à 03:30
INFO:     Application startup complete.
INFO:     Uvicorn running on http://0.0.0.0:8003 (Press CTRL+C to quit)
INFO:     127.0.0.1:61912 - "GET /alerts?user_id=1&active_only=true&limit=1 HTTP/1.1" 200 OK
INFO:     127.0.0.1:51840 - "GET /alerts?user_id=1&active_only=true&limit=1 HTTP/1.1" 200 OK
INFO:     127.0.0.1:61551 - "GET /alerts?user_id=1&active_only=true&limit=1 HTTP/1.1" 200 OK
INFO:     127.0.0.1:54432 - "GET /alerts?user_id=1&active_only=true&limit=1 HTTP/1.1" 200 OK
INFO:     127.0.0.1:58259 - "GET /alerts?user_id=1&active_only=true&limit=1 HTTP/1.1" 200 OK
INFO:     127.0.0.1:50697 - "GET /alerts?user_id=1&active_only=true&limit=1 HTTP/1.1" 200 OK
INFO:     127.0.0.1:53692 - "GET /favorites?user_id=1 HTTP/1.1" 200 OK
INFO:     127.0.0.1:53692 - "GET /favorites?user_id=1 HTTP/1.1" 200 OK
INFO:     127.0.0.1:49208 - "GET /alerts?user_id=1&active_only=true&limit=1 HTTP/1.1" 200 OK
INFO:     127.0.0.1:52448 - "GET /alerts?user_id=1&active_only=true&limit=1 HTTP/1.1" 200 OK
INFO:     127.0.0.1:50448 - "GET /alerts?user_id=1&active_only=true&limit=1 HTTP/1.1" 200 OK
INFO:     127.0.0.1:59639 - "GET /alerts?user_id=1&active_only=true&limit=1 HTTP/1.1" 200 OK
INFO:     127.0.0.1:64537 - "GET /alerts?user_id=1&active_only=true&limit=1 HTTP/1.1" 200 OK
INFO:     127.0.0.1:54414 - "GET /alerts?user_id=1&active_only=true&limit=1 HTTP/1.1" 200 OK
INFO:     127.0.0.1:56535 - "GET /alerts?user_id=1&active_only=true&limit=1 HTTP/1.1" 200 OK
INFO:     127.0.0.1:53917 - "GET /alerts?user_id=1&active_only=true&limit=1 HTTP/1.1" 200 OK
INFO:     127.0.0.1:55757 - "GET /alerts?user_id=1&active_only=true&limit=1 HTTP/1.1" 200 OK
INFO:     127.0.0.1:50264 - "GET /alerts?user_id=1&active_only=true&limit=1 HTTP/1.1" 200 OK
INFO:     127.0.0.1:64111 - "GET /alerts?user_id=1&active_only=true&limit=1 HTTP/1.1" 200 OK
INFO:     127.0.0.1:56028 - "GET /alerts?user_id=1&active_only=true&limit=1 HTTP/1.1" 200 OK
INFO:     127.0.0.1:55467 - "GET /alerts?user_id=1&active_only=true&limit=1 HTTP/1.1" 200 OK
INFO:     127.0.0.1:62232 - "GET /alerts?user_id=1&active_only=true&limit=1 HTTP/1.1" 200 OK
INFO:     127.0.0.1:64568 - "GET /alerts?user_id=1&active_only=true&limit=1 HTTP/1.1" 200 OK
INFO:     127.0.0.1:54752 - "GET /alerts?user_id=1&active_only=true&limit=1 HTTP/1.1" 200 OK
INFO:     127.0.0.1:63101 - "GET /alerts?user_id=1&active_only=true&limit=1 HTTP/1.1" 200 OK
INFO:     127.0.0.1:57859 - "GET /alerts?user_id=1&active_only=true&limit=1 HTTP/1.1" 200 OK
INFO:     127.0.0.1:55064 - "GET /alerts?user_id=1&active_only=true&limit=1 HTTP/1.1" 200 OK
INFO:     127.0.0.1:57348 - "GET /alerts?user_id=1&active_only=true&limit=1 HTTP/1.1" 200 OK
INFO:     127.0.0.1:57530 - "GET /alerts?user_id=1&active_only=true&limit=1 HTTP/1.1" 200 OK
INFO:     127.0.0.1:50984 - "GET /alerts?user_id=1&active_only=true&limit=1 HTTP/1.1" 200 OK
INFO:     127.0.0.1:60916 - "GET /alerts?user_id=1&active_only=true&limit=1 HTTP/1.1" 200 OK
INFO:     127.0.0.1:55277 - "GET /alerts?user_id=1&active_only=true&limit=1 HTTP/1.1" 200 OK
INFO:     127.0.0.1:63072 - "GET /alerts?user_id=1&active_only=true&limit=1 HTTP/1.1" 200 OK
INFO:     127.0.0.1:65378 - "GET /alerts?user_id=1&active_only=true&limit=1 HTTP/1.1" 200 OK
INFO:     127.0.0.1:65018 - "GET /alerts?user_id=1&active_only=true&limit=1 HTTP/1.1" 200 OK
INFO:     127.0.0.1:52260 - "GET /alerts?user_id=1&active_only=true&limit=1 HTTP/1.1" 200 OK
INFO:     127.0.0.1:53820 - "GET /alerts?user_id=1&active_only=true&limit=1 HTTP/1.1" 200 OK
INFO:     127.0.0.1:61055 - "GET /alerts?user_id=1&active_only=true&limit=1 HTTP/1.1" 200 OK
INFO:     127.0.0.1:51430 - "GET /alerts?user_id=1&active_only=true&limit=1 HTTP/1.1" 200 OK
INFO:     127.0.0.1:51956 - "GET /alerts?user_id=1&active_only=true&limit=1 HTTP/1.1" 200 OK
INFO:     127.0.0.1:51051 - "GET /alerts?user_id=1&active_only=true&limit=1 HTTP/1.1" 200 OK
INFO:     127.0.0.1:64283 - "GET /alerts?user_id=1&active_only=true&limit=1 HTTP/1.1" 200 OK
INFO:     127.0.0.1:57039 - "GET /alerts?user_id=1&active_only=true&limit=1 HTTP/1.1" 200 OK
INFO:     127.0.0.1:54743 - "GET /alerts?user_id=1&active_only=true&limit=1 HTTP/1.1" 200 OK
INFO:     127.0.0.1:51341 - "GET /alerts?user_id=1&active_only=true&limit=1 HTTP/1.1" 200 OK
INFO:     127.0.0.1:65461 - "GET /alerts?user_id=1&active_only=true&limit=1 HTTP/1.1" 200 OK
INFO:     127.0.0.1:61929 - "GET /alerts?user_id=1&active_only=true&limit=1 HTTP/1.1" 200 OK
INFO:     127.0.0.1:54252 - "GET /alerts?user_id=1&active_only=true&limit=1 HTTP/1.1" 200 OK
INFO:     127.0.0.1:53618 - "GET /alerts?user_id=1&active_only=true&limit=1 HTTP/1.1" 200 OK
INFO:     127.0.0.1:59037 - "GET /alerts?user_id=1&active_only=true&limit=1 HTTP/1.1" 200 OK
INFO:     127.0.0.1:58425 - "GET /alerts?user_id=1&active_only=true&limit=1 HTTP/1.1" 200 OK
INFO:     127.0.0.1:60748 - "GET /alerts?user_id=1&active_only=true&limit=1 HTTP/1.1" 200 OK
INFO:     127.0.0.1:61016 - "GET /alerts?user_id=1&active_only=true&limit=1 HTTP/1.1" 200 OK
INFO:     127.0.0.1:63208 - "GET /alerts?user_id=1&active_only=true&limit=1 HTTP/1.1" 200 OK
INFO:     127.0.0.1:63830 - "GET /alerts?user_id=1&active_only=true&limit=1 HTTP/1.1" 200 OK
INFO:     127.0.0.1:63809 - "GET /alerts?user_id=1&active_only=true&limit=1 HTTP/1.1" 200 OK
INFO:     127.0.0.1:54365 - "GET /alerts?user_id=1&active_only=true&limit=1 HTTP/1.1" 200 OK
INFO:     127.0.0.1:56286 - "GET /alerts?user_id=1&active_only=true&limit=1 HTTP/1.1" 200 OK
INFO:     127.0.0.1:59989 - "GET /alerts?user_id=1&active_only=true&limit=1 HTTP/1.1" 200 OK
INFO:     127.0.0.1:60809 - "GET /alerts?user_id=1&active_only=true&limit=1 HTTP/1.1" 200 OK
INFO:     127.0.0.1:53540 - "GET /alerts?user_id=1&active_only=true&limit=1 HTTP/1.1" 200 OK
INFO:     127.0.0.1:54714 - "GET /alerts?user_id=1&active_only=true&limit=1 HTTP/1.1" 200 OK
INFO:     127.0.0.1:51193 - "GET /alerts?user_id=1&active_only=true&limit=1 HTTP/1.1" 200 OK
INFO:     127.0.0.1:52383 - "GET /alerts?user_id=1&active_only=true&limit=1 HTTP/1.1" 200 OK
INFO:     127.0.0.1:53920 - "GET /alerts?user_id=1&active_only=true&limit=1 HTTP/1.1" 200 OK
INFO:     127.0.0.1:55400 - "GET /alerts?user_id=1&active_only=true&limit=1 HTTP/1.1" 200 OK
INFO:     127.0.0.1:53990 - "GET /alerts?user_id=1&active_only=true&limit=1 HTTP/1.1" 200 OK
INFO:     127.0.0.1:60585 - "GET /alerts?user_id=1&active_only=true&limit=1 HTTP/1.1" 200 OK
INFO:     127.0.0.1:59659 - "GET /alerts?user_id=1&active_only=true&limit=1 HTTP/1.1" 200 OK
INFO:     127.0.0.1:60073 - "GET /alerts?user_id=1&active_only=true&limit=1 HTTP/1.1" 200 OK
INFO:     127.0.0.1:60629 - "GET /alerts?user_id=1&active_only=true&limit=1 HTTP/1.1" 200 OK
INFO:     127.0.0.1:58480 - "GET /alerts?user_id=1&active_only=true&limit=1 HTTP/1.1" 200 OK
INFO:     127.0.0.1:63449 - "GET /alerts?user_id=1&active_only=true&limit=1 HTTP/1.1" 200 OK
INFO:     127.0.0.1:53172 - "GET /alerts?user_id=1&active_only=true&limit=1 HTTP/1.1" 200 OK
INFO:     127.0.0.1:55660 - "GET /alerts?user_id=1&active_only=true&limit=1 HTTP/1.1" 200 OK
INFO:     127.0.0.1:57279 - "GET /alerts?user_id=1&active_only=true&limit=1 HTTP/1.1" 200 OK
INFO:     127.0.0.1:55852 - "GET /alerts?user_id=1&active_only=true&limit=1 HTTP/1.1" 200 OK
INFO:     127.0.0.1:50879 - "GET /alerts?user_id=1&active_only=true&limit=1 HTTP/1.1" 200 OK
INFO:     127.0.0.1:63798 - "GET /alerts?user_id=1&active_only=true&limit=1 HTTP/1.1" 200 OK
INFO:     127.0.0.1:54190 - "GET /alerts?user_id=1&active_only=true&limit=1 HTTP/1.1" 200 OK
INFO:     127.0.0.1:54869 - "GET /alerts?user_id=1&active_only=true&limit=1 HTTP/1.1" 200 OK
INFO:     127.0.0.1:60814 - "GET /alerts?user_id=1&active_only=true&limit=1 HTTP/1.1" 200 OK
INFO:     127.0.0.1:56644 - "GET /alerts?user_id=1&active_only=true&limit=1 HTTP/1.1" 200 OK
INFO:     127.0.0.1:55855 - "GET /alerts?user_id=1&active_only=true&limit=1 HTTP/1.1" 200 OK
INFO:     127.0.0.1:55402 - "GET /alerts?user_id=1&active_only=true&limit=1 HTTP/1.1" 200 OK
INFO:     127.0.0.1:61447 - "GET /alerts?user_id=1&active_only=true&limit=1 HTTP/1.1" 200 OK
INFO:     127.0.0.1:65174 - "GET /alerts?user_id=1&active_only=true&limit=1 HTTP/1.1" 200 OK
INFO:     127.0.0.1:65211 - "GET /alerts?user_id=1&active_only=true&limit=1 HTTP/1.1" 200 OK
INFO:     127.0.0.1:54239 - "GET /alerts?user_id=1&active_only=true&limit=1 HTTP/1.1" 200 OK
INFO:     127.0.0.1:56346 - "GET /alerts?user_id=1&active_only=true&limit=1 HTTP/1.1" 200 OK
INFO:     127.0.0.1:63704 - "GET /alerts?user_id=1&active_only=true&limit=1 HTTP/1.1" 200 OK
INFO:     127.0.0.1:56898 - "GET /alerts?user_id=1&active_only=true&limit=1 HTTP/1.1" 200 OK
INFO:     127.0.0.1:52313 - "GET /alerts?user_id=1&active_only=true&limit=1 HTTP/1.1" 200 OK
INFO:     127.0.0.1:56276 - "GET /alerts?user_id=1&active_only=true&limit=1 HTTP/1.1" 200 OK
INFO:     127.0.0.1:59658 - "GET /alerts?user_id=1&active_only=true&limit=1 HTTP/1.1" 200 OK
INFO:     127.0.0.1:57569 - "GET /alerts?user_id=1&active_only=true&limit=1 HTTP/1.1" 200 OK
INFO:     127.0.0.1:61608 - "GET /alerts?user_id=1&active_only=true&limit=1 HTTP/1.1" 200 OK
INFO:     127.0.0.1:49158 - "GET /alerts?user_id=1&active_only=true&limit=1 HTTP/1.1" 200 OK
INFO:     127.0.0.1:51917 - "GET /alerts?user_id=1&active_only=true&limit=1 HTTP/1.1" 200 OK
INFO:     127.0.0.1:53219 - "GET /alerts?user_id=1&active_only=true&limit=1 HTTP/1.1" 200 OK
INFO:     127.0.0.1:62945 - "GET /alerts?user_id=1&active_only=true&limit=1 HTTP/1.1" 200 OK
INFO:     127.0.0.1:51482 - "GET /alerts?user_id=1&active_only=true&limit=1 HTTP/1.1" 200 OK
INFO:     127.0.0.1:58381 - "GET /alerts?user_id=1&active_only=true&limit=1 HTTP/1.1" 200 OK
INFO:     127.0.0.1:57084 - "GET /alerts?user_id=1&active_only=true&limit=1 HTTP/1.1" 200 OK
INFO:     127.0.0.1:52225 - "GET /alerts?user_id=1&active_only=true&limit=1 HTTP/1.1" 200 OK
INFO:     127.0.0.1:64088 - "GET /alerts?user_id=1&active_only=true&limit=1 HTTP/1.1" 200 OK
INFO:     127.0.0.1:49307 - "GET /alerts?user_id=1&active_only=true&limit=1 HTTP/1.1" 200 OK
INFO:     127.0.0.1:63932 - "GET /alerts?user_id=1&active_only=true&limit=1 HTTP/1.1" 200 OK
INFO:     127.0.0.1:50266 - "GET /alerts?user_id=1&active_only=true&limit=1 HTTP/1.1" 200 OK
INFO:     127.0.0.1:57887 - "GET /alerts?user_id=1&active_only=true&limit=1 HTTP/1.1" 200 OK
INFO:     127.0.0.1:50774 - "GET /alerts?user_id=1&active_only=true&limit=1 HTTP/1.1" 200 OK
INFO:     127.0.0.1:56047 - "GET /alerts?user_id=1&active_only=true&limit=1 HTTP/1.1" 200 OK
INFO:     127.0.0.1:65098 - "GET /alerts?user_id=1&active_only=true&limit=1 HTTP/1.1" 200 OK
INFO:     127.0.0.1:51233 - "GET /alerts?user_id=1&active_only=true&limit=1 HTTP/1.1" 200 OK
INFO:     127.0.0.1:56466 - "GET /alerts?user_id=1&active_only=true&limit=1 HTTP/1.1" 200 OK
INFO:     127.0.0.1:51797 - "GET /alerts?user_id=1&active_only=true&limit=1 HTTP/1.1" 200 OK
INFO:     127.0.0.1:56393 - "GET /alerts?user_id=1&active_only=true&limit=1 HTTP/1.1" 200 OK
INFO:     127.0.0.1:57004 - "GET /alerts?user_id=1&active_only=true&limit=1 HTTP/1.1" 200 OK
INFO:     127.0.0.1:54193 - "GET /alerts?user_id=1&active_only=true&limit=1 HTTP/1.1" 200 OK
INFO:     127.0.0.1:65270 - "GET /alerts?user_id=1&active_only=true&limit=1 HTTP/1.1" 200 OK
INFO:     127.0.0.1:58303 - "GET /alerts?user_id=1&active_only=true&limit=1 HTTP/1.1" 200 OK
INFO:     127.0.0.1:62055 - "GET /alerts?user_id=1&active_only=true&limit=1 HTTP/1.1" 200 OK
INFO:     127.0.0.1:54233 - "GET /alerts?user_id=1&active_only=true&limit=1 HTTP/1.1" 200 OK
INFO:     127.0.0.1:60919 - "GET /alerts?user_id=1&active_only=true&limit=1 HTTP/1.1" 200 OK
INFO:     127.0.0.1:52155 - "GET /alerts?user_id=1&active_only=true&limit=1 HTTP/1.1" 200 OK
INFO:     127.0.0.1:49920 - "GET /alerts?user_id=1&active_only=true&limit=1 HTTP/1.1" 200 OK
INFO:     127.0.0.1:51517 - "GET /alerts?user_id=1&active_only=true&limit=1 HTTP/1.1" 200 OK
INFO:     127.0.0.1:64115 - "GET /alerts?user_id=1&active_only=true&limit=1 HTTP/1.1" 200 OK
INFO:     127.0.0.1:50263 - "GET /alerts?user_id=1&active_only=true&limit=1 HTTP/1.1" 200 OK
INFO:     127.0.0.1:49677 - "GET /alerts?user_id=1&active_only=true&limit=1 HTTP/1.1" 200 OK
INFO:     127.0.0.1:49926 - "GET /alerts?user_id=1&active_only=true&limit=1 HTTP/1.1" 200 OK
INFO:     127.0.0.1:53686 - "GET /alerts?user_id=1&active_only=true&limit=1 HTTP/1.1" 200 OK
INFO:     127.0.0.1:64267 - "GET /alerts?user_id=1&active_only=true&limit=1 HTTP/1.1" 200 OK
INFO:     127.0.0.1:60184 - "GET /alerts?user_id=1&active_only=true&limit=1 HTTP/1.1" 200 OK
INFO:     127.0.0.1:52015 - "GET /alerts?user_id=1&active_only=true&limit=1 HTTP/1.1" 200 OK
INFO:     127.0.0.1:52108 - "GET /alerts?user_id=1&active_only=true&limit=1 HTTP/1.1" 200 OK
INFO:     127.0.0.1:63624 - "GET /alerts?user_id=1&active_only=true&limit=1 HTTP/1.1" 200 OK
INFO:     127.0.0.1:58331 - "GET /alerts?user_id=1&active_only=true&limit=1 HTTP/1.1" 200 OK
INFO:     127.0.0.1:55880 - "GET /alerts?user_id=1&active_only=true&limit=1 HTTP/1.1" 200 OK
INFO:     127.0.0.1:60742 - "GET /alerts?user_id=1&active_only=true&limit=1 HTTP/1.1" 200 OK
INFO:     127.0.0.1:63214 - "GET /alerts?user_id=1&active_only=true&limit=1 HTTP/1.1" 200 OK
INFO:     127.0.0.1:62530 - "GET /alerts?user_id=1&active_only=true&limit=1 HTTP/1.1" 200 OK
INFO:     127.0.0.1:63433 - "GET /alerts?user_id=1&active_only=true&limit=1 HTTP/1.1" 200 OK
INFO:     127.0.0.1:53126 - "GET /alerts?user_id=1&active_only=true&limit=1 HTTP/1.1" 200 OK
INFO:     127.0.0.1:59781 - "GET /alerts?user_id=1&active_only=true&limit=1 HTTP/1.1" 200 OK
INFO:     127.0.0.1:61668 - "GET /alerts?user_id=1&active_only=true&limit=1 HTTP/1.1" 200 OK
INFO:     127.0.0.1:62541 - "GET /alerts?user_id=1&active_only=true&limit=1 HTTP/1.1" 200 OK
INFO:     127.0.0.1:63287 - "GET /alerts?user_id=1&active_only=true&limit=1 HTTP/1.1" 200 OK
INFO:     127.0.0.1:50403 - "GET /alerts?user_id=1&active_only=true&limit=1 HTTP/1.1" 200 OK
INFO:     127.0.0.1:62596 - "GET /alerts?user_id=1&active_only=true&limit=1 HTTP/1.1" 200 OK
INFO:     127.0.0.1:65328 - "GET /alerts?user_id=1&active_only=true&limit=1 HTTP/1.1" 200 OK
INFO:     127.0.0.1:53505 - "GET /alerts?user_id=1&active_only=true&limit=1 HTTP/1.1" 200 OK
INFO:     127.0.0.1:58259 - "GET /alerts?user_id=1&active_only=true&limit=1 HTTP/1.1" 200 OK
INFO:     127.0.0.1:50992 - "GET /alerts?user_id=1&active_only=true&limit=1 HTTP/1.1" 200 OK
INFO:     127.0.0.1:50560 - "GET /alerts?user_id=1&active_only=true&limit=1 HTTP/1.1" 200 OK
INFO:     127.0.0.1:52452 - "GET /alerts?user_id=1&active_only=true&limit=1 HTTP/1.1" 200 OK
INFO:     127.0.0.1:50343 - "GET /alerts?user_id=1&active_only=true&limit=1 HTTP/1.1" 200 OK
INFO:     127.0.0.1:64136 - "GET /alerts?user_id=1&active_only=true&limit=1 HTTP/1.1" 200 OK
INFO:     127.0.0.1:56953 - "GET /alerts?user_id=1&active_only=true&limit=1 HTTP/1.1" 200 OK
INFO:     127.0.0.1:55022 - "GET /alerts?user_id=1&active_only=true&limit=1 HTTP/1.1" 200 OK
INFO:     127.0.0.1:53626 - "GET /alerts?user_id=1&active_only=true&limit=1 HTTP/1.1" 200 OK
INFO:     127.0.0.1:60188 - "GET /alerts?user_id=1&active_only=true&limit=1 HTTP/1.1" 200 OK
INFO:     127.0.0.1:55397 - "GET /alerts?user_id=1&active_only=true&limit=1 HTTP/1.1" 200 OK
INFO:     127.0.0.1:57209 - "GET /alerts?user_id=1&active_only=true&limit=1 HTTP/1.1" 200 OK
INFO:     127.0.0.1:57380 - "GET /alerts?user_id=1&active_only=true&limit=1 HTTP/1.1" 200 OK
INFO:     127.0.0.1:50273 - "GET /alerts?user_id=1&active_only=true&limit=1 HTTP/1.1" 200 OK
INFO:     127.0.0.1:59009 - "GET /alerts?user_id=1&active_only=true&limit=1 HTTP/1.1" 200 OK
INFO:     127.0.0.1:54436 - "GET /alerts?user_id=1&active_only=true&limit=1 HTTP/1.1" 200 OK
INFO:     127.0.0.1:58056 - "GET /alerts?user_id=1&active_only=true&limit=1 HTTP/1.1" 200 OK
INFO:     127.0.0.1:57568 - "GET /alerts?user_id=1&active_only=true&limit=1 HTTP/1.1" 200 OK
INFO:     127.0.0.1:57200 - "GET /alerts?user_id=1&active_only=true&limit=1 HTTP/1.1" 200 OK
INFO:     127.0.0.1:59544 - "GET /alerts?user_id=1&active_only=true&limit=1 HTTP/1.1" 200 OK
INFO:     127.0.0.1:59814 - "GET /alerts?user_id=1&active_only=true&limit=1 HTTP/1.1" 200 OK
INFO:     127.0.0.1:56449 - "GET /alerts?user_id=1&active_only=true&limit=1 HTTP/1.1" 200 OK
INFO:     127.0.0.1:56913 - "GET /alerts?user_id=1&active_only=true&limit=1 HTTP/1.1" 200 OK
INFO:     127.0.0.1:58342 - "GET /alerts?user_id=1&active_only=true&limit=1 HTTP/1.1" 200 OK
INFO:     127.0.0.1:59688 - "GET /alerts?user_id=1&active_only=true&limit=1 HTTP/1.1" 200 OK
INFO:     127.0.0.1:50263 - "GET /alerts?user_id=1&active_only=true&limit=1 HTTP/1.1" 200 OK
INFO:     127.0.0.1:59126 - "GET /alerts?user_id=1&active_only=true&limit=1 HTTP/1.1" 200 OK
INFO:     127.0.0.1:56929 - "GET /alerts?user_id=1&active_only=true&limit=1 HTTP/1.1" 200 OK
INFO:     127.0.0.1:56519 - "GET /alerts?user_id=1&active_only=true&limit=1 HTTP/1.1" 200 OK
INFO:     127.0.0.1:51740 - "GET /alerts?user_id=1&active_only=true&limit=1 HTTP/1.1" 200 OK
INFO:     127.0.0.1:54012 - "GET /alerts?user_id=1&active_only=true&limit=1 HTTP/1.1" 200 OK
INFO:     127.0.0.1:65091 - "GET /alerts?user_id=1&active_only=true&limit=1 HTTP/1.1" 200 OK
INFO:     127.0.0.1:51095 - "GET /alerts?user_id=1&active_only=true&limit=1 HTTP/1.1" 200 OK
INFO:     127.0.0.1:51445 - "GET /alerts?user_id=1&active_only=true&limit=1 HTTP/1.1" 200 OK
INFO:     127.0.0.1:55014 - "GET /alerts?user_id=1&active_only=true&limit=1 HTTP/1.1" 200 OK
INFO:     127.0.0.1:51762 - "GET /alerts?user_id=1&active_only=true&limit=1 HTTP/1.1" 200 OK
INFO:     127.0.0.1:54511 - "GET /alerts?user_id=1&active_only=true&limit=1 HTTP/1.1" 200 OK
INFO:     127.0.0.1:57175 - "GET /alerts?user_id=1&active_only=true&limit=1 HTTP/1.1" 200 OK
INFO:     127.0.0.1:62463 - "GET /alerts?user_id=1&active_only=true&limit=1 HTTP/1.1" 200 OK
INFO:     127.0.0.1:56548 - "GET /alerts?user_id=1&active_only=true&limit=1 HTTP/1.1" 200 OK
INFO:     127.0.0.1:65346 - "GET /alerts?user_id=1&active_only=true&limit=1 HTTP/1.1" 200 OK
INFO:     127.0.0.1:65161 - "GET /alerts?user_id=1&active_only=true&limit=1 HTTP/1.1" 200 OK
INFO:     127.0.0.1:52248 - "GET /alerts?user_id=1&active_only=true&limit=1 HTTP/1.1" 200 OK
INFO:     127.0.0.1:64088 - "GET /alerts?user_id=1&active_only=true&limit=1 HTTP/1.1" 200 OK
INFO:     127.0.0.1:53150 - "GET /alerts?user_id=1&active_only=true&limit=1 HTTP/1.1" 200 OK
INFO:     127.0.0.1:52829 - "GET /alerts?user_id=1&active_only=true&limit=1 HTTP/1.1" 200 OK
INFO:     127.0.0.1:61778 - "GET /alerts?user_id=1&active_only=true&limit=1 HTTP/1.1" 200 OK
INFO:     127.0.0.1:50263 - "GET /alerts?user_id=1&active_only=true&limit=1 HTTP/1.1" 200 OK
INFO:     127.0.0.1:54584 - "GET /alerts?user_id=1&active_only=true&limit=1 HTTP/1.1" 200 OK
INFO:     127.0.0.1:57705 - "GET /alerts?user_id=1&active_only=true&limit=1 HTTP/1.1" 200 OK
INFO:     127.0.0.1:53194 - "GET /alerts?user_id=1&active_only=true&limit=1 HTTP/1.1" 200 OK
INFO:     127.0.0.1:62692 - "GET /alerts?user_id=1&active_only=true&limit=1 HTTP/1.1" 200 OK
INFO:     127.0.0.1:53384 - "GET /alerts?user_id=1&active_only=true&limit=1 HTTP/1.1" 200 OK
INFO:     127.0.0.1:58617 - "GET /alerts?user_id=1&active_only=true&limit=1 HTTP/1.1" 200 OK
INFO:     127.0.0.1:54278 - "GET /alerts?user_id=1&active_only=true&limit=1 HTTP/1.1" 200 OK
INFO:     127.0.0.1:60458 - "GET /alerts?user_id=1&active_only=true&limit=1 HTTP/1.1" 200 OK
INFO:     127.0.0.1:52010 - "GET /alerts?user_id=1&active_only=true&limit=1 HTTP/1.1" 200 OK
INFO:     127.0.0.1:53064 - "GET /alerts?user_id=1&active_only=true&limit=1 HTTP/1.1" 200 OK
INFO:     127.0.0.1:51442 - "GET /alerts?user_id=1&active_only=true&limit=1 HTTP/1.1" 200 OK
INFO:     127.0.0.1:57574 - "GET /alerts?user_id=1&active_only=true&limit=1 HTTP/1.1" 200 OK
INFO:     127.0.0.1:64246 - "GET /alerts?user_id=1&active_only=true&limit=1 HTTP/1.1" 200 OK
INFO:     127.0.0.1:63702 - "GET /alerts?user_id=1&active_only=true&limit=1 HTTP/1.1" 200 OK
INFO:     127.0.0.1:62499 - "GET /alerts?user_id=1&active_only=true&limit=1 HTTP/1.1" 200 OK
INFO:     127.0.0.1:60505 - "GET /alerts?user_id=1&active_only=true&limit=1 HTTP/1.1" 200 OK
INFO:     127.0.0.1:54890 - "GET /alerts?user_id=1&active_only=true&limit=1 HTTP/1.1" 200 OK
INFO:     127.0.0.1:49921 - "GET /alerts?user_id=1&active_only=true&limit=1 HTTP/1.1" 200 OK
INFO:     127.0.0.1:58259 - "GET /alerts?user_id=1&active_only=true&limit=1 HTTP/1.1" 200 OK
INFO:     127.0.0.1:52249 - "GET /alerts?user_id=1&active_only=true&limit=1 HTTP/1.1" 200 OK
INFO:     127.0.0.1:58259 - "GET /alerts?user_id=1&active_only=true&limit=1 HTTP/1.1" 200 OK
INFO:     127.0.0.1:55336 - "GET /alerts?user_id=1&active_only=true&limit=1 HTTP/1.1" 200 OK
INFO:     127.0.0.1:51682 - "GET /alerts?user_id=1&active_only=true&limit=1 HTTP/1.1" 200 OK
INFO:     127.0.0.1:49869 - "GET /alerts?user_id=1&active_only=true&limit=1 HTTP/1.1" 200 OK
INFO:     127.0.0.1:64406 - "GET /alerts?user_id=1&active_only=true&limit=1 HTTP/1.1" 200 OK
INFO:     127.0.0.1:54342 - "GET /alerts?user_id=1&active_only=true&limit=1 HTTP/1.1" 200 OK
INFO:     127.0.0.1:59015 - "GET /alerts?user_id=1&active_only=true&limit=1 HTTP/1.1" 200 OK
INFO:     127.0.0.1:50871 - "GET /alerts?user_id=1&active_only=true&limit=1 HTTP/1.1" 200 OK
INFO:     127.0.0.1:51095 - "GET /alerts?user_id=1&active_only=true&limit=1 HTTP/1.1" 200 OK
INFO:     127.0.0.1:50560 - "GET /alerts?user_id=1&active_only=true&limit=1 HTTP/1.1" 200 OK
INFO:     127.0.0.1:58263 - "GET /alerts?user_id=1&active_only=true&limit=1 HTTP/1.1" 200 OK
INFO:     127.0.0.1:57507 - "GET /alerts?user_id=1&active_only=true&limit=1 HTTP/1.1" 200 OK
INFO:     127.0.0.1:58259 - "GET /alerts?user_id=1&active_only=true&limit=1 HTTP/1.1" 200 OK
INFO:     127.0.0.1:57478 - "GET /alerts?user_id=1&active_only=true&limit=1 HTTP/1.1" 200 OK
INFO:     127.0.0.1:50421 - "GET /alerts?user_id=1&active_only=true&limit=1 HTTP/1.1" 200 OK
INFO:     127.0.0.1:52959 - "GET /alerts?user_id=1&active_only=true&limit=1 HTTP/1.1" 200 OK
INFO:     127.0.0.1:59878 - "GET /alerts?user_id=1&active_only=true&limit=1 HTTP/1.1" 200 OK
INFO:     127.0.0.1:61501 - "GET /alerts?user_id=1&active_only=true&limit=1 HTTP/1.1" 200 OK
INFO:     127.0.0.1:49214 - "GET /alerts?user_id=1&active_only=true&limit=1 HTTP/1.1" 200 OK
INFO:     127.0.0.1:53084 - "GET /alerts?user_id=1&active_only=true&limit=1 HTTP/1.1" 200 OK
INFO:     127.0.0.1:57805 - "GET /alerts?user_id=1&active_only=true&limit=1 HTTP/1.1" 200 OK
INFO:     127.0.0.1:63752 - "GET /alerts?user_id=1&active_only=true&limit=1 HTTP/1.1" 200 OK
INFO:     127.0.0.1:54146 - "GET /alerts?user_id=1&active_only=true&limit=1 HTTP/1.1" 200 OK
INFO:     127.0.0.1:57167 - "GET /alerts?user_id=1&active_only=true&limit=1 HTTP/1.1" 200 OK
INFO:     127.0.0.1:55562 - "GET /alerts?user_id=1&active_only=true&limit=1 HTTP/1.1" 200 OK
INFO:     127.0.0.1:58764 - "GET /alerts?user_id=1&active_only=true&limit=1 HTTP/1.1" 200 OK
INFO:     127.0.0.1:63091 - "GET /alerts?user_id=1&active_only=true&limit=1 HTTP/1.1" 200 OK
INFO:     127.0.0.1:64452 - "GET /alerts?user_id=1&active_only=true&limit=1 HTTP/1.1" 200 OK
INFO:     127.0.0.1:55095 - "GET /alerts?user_id=1&active_only=true&limit=1 HTTP/1.1" 200 OK
INFO:     127.0.0.1:49431 - "GET /alerts?user_id=1&active_only=true&limit=1 HTTP/1.1" 200 OK
INFO:     127.0.0.1:52632 - "GET /alerts?user_id=1&active_only=true&limit=1 HTTP/1.1" 200 OK
INFO:     127.0.0.1:49620 - "GET /alerts?user_id=1&active_only=true&limit=1 HTTP/1.1" 200 OK
INFO:     127.0.0.1:49215 - "GET /alerts?user_id=1&active_only=true&limit=1 HTTP/1.1" 200 OK
INFO:     127.0.0.1:59032 - "GET /alerts?user_id=1&active_only=true&limit=1 HTTP/1.1" 200 OK
INFO:     127.0.0.1:63665 - "GET /alerts?user_id=1&active_only=true&limit=1 HTTP/1.1" 200 OK
INFO:     127.0.0.1:62534 - "GET /alerts?user_id=1&active_only=true&limit=1 HTTP/1.1" 200 OK
INFO:     127.0.0.1:53798 - "GET /alerts?user_id=1&active_only=true&limit=1 HTTP/1.1" 200 OK
INFO:     127.0.0.1:61910 - "GET /alerts?user_id=1&active_only=true&limit=1 HTTP/1.1" 200 OK
INFO:     127.0.0.1:55212 - "GET /alerts?user_id=1&active_only=true&limit=1 HTTP/1.1" 200 OK
INFO:     127.0.0.1:51886 - "GET /alerts?user_id=1&active_only=true&limit=1 HTTP/1.1" 200 OK
INFO:     127.0.0.1:50837 - "GET /alerts?user_id=1&active_only=true&limit=1 HTTP/1.1" 200 OK
INFO:     127.0.0.1:58990 - "GET /alerts?user_id=1&active_only=true&limit=1 HTTP/1.1" 200 OK
INFO:     127.0.0.1:59323 - "GET /alerts?user_id=1&active_only=true&limit=1 HTTP/1.1" 200 OK
INFO:     127.0.0.1:51010 - "GET /alerts?user_id=1&active_only=true&limit=1 HTTP/1.1" 200 OK
INFO:     127.0.0.1:64479 - "GET /alerts?user_id=1&active_only=true&limit=1 HTTP/1.1" 200 OK
INFO:     127.0.0.1:63168 - "GET /alerts?user_id=1&active_only=true&limit=1 HTTP/1.1" 200 OK
INFO:     127.0.0.1:62823 - "GET /alerts?user_id=1&active_only=true&limit=1 HTTP/1.1" 200 OK
INFO:     127.0.0.1:55450 - "GET /alerts?user_id=1&active_only=true&limit=1 HTTP/1.1" 200 OK
INFO:     127.0.0.1:52358 - "GET /alerts?user_id=1&active_only=true&limit=1 HTTP/1.1" 200 OK
INFO:     127.0.0.1:63316 - "GET /alerts?user_id=1&active_only=true&limit=1 HTTP/1.1" 200 OK
INFO:     127.0.0.1:63995 - "GET /alerts?user_id=1&active_only=true&limit=1 HTTP/1.1" 200 OK
INFO:     127.0.0.1:57063 - "GET /alerts?user_id=1&active_only=true&limit=1 HTTP/1.1" 200 OK
INFO:     127.0.0.1:52558 - "GET /alerts?user_id=1&active_only=true&limit=1 HTTP/1.1" 200 OK
INFO:     127.0.0.1:57725 - "GET /alerts?user_id=1&active_only=true&limit=1 HTTP/1.1" 200 OK
INFO:     127.0.0.1:57563 - "GET /alerts?user_id=1&active_only=true&limit=1 HTTP/1.1" 200 OK
INFO:     127.0.0.1:53123 - "GET /alerts?user_id=1&active_only=true&limit=1 HTTP/1.1" 200 OK
INFO:     127.0.0.1:57659 - "GET /alerts?user_id=1&active_only=true&limit=1 HTTP/1.1" 200 OK
INFO:     127.0.0.1:50263 - "GET /alerts?user_id=1&active_only=true&limit=1 HTTP/1.1" 200 OK
INFO:     127.0.0.1:60484 - "GET /alerts?user_id=1&active_only=true&limit=1 HTTP/1.1" 200 OK
INFO:     127.0.0.1:63701 - "GET /alerts?user_id=1&active_only=true&limit=1 HTTP/1.1" 200 OK
INFO:     127.0.0.1:63625 - "GET /alerts?user_id=1&active_only=true&limit=1 HTTP/1.1" 200 OK
INFO:     127.0.0.1:64257 - "GET /alerts?user_id=1&active_only=true&limit=1 HTTP/1.1" 200 OK
INFO:     127.0.0.1:64406 - "GET /alerts?user_id=1&active_only=true&limit=1 HTTP/1.1" 200 OK
INFO:     127.0.0.1:53256 - "GET /alerts?user_id=1&active_only=true&limit=1 HTTP/1.1" 200 OK
INFO:     127.0.0.1:52211 - "GET /alerts?user_id=1&active_only=true&limit=1 HTTP/1.1" 200 OK
INFO:     127.0.0.1:58907 - "GET /alerts?user_id=1&active_only=true&limit=1 HTTP/1.1" 200 OK
INFO:     127.0.0.1:62453 - "GET /alerts?user_id=1&active_only=true&limit=1 HTTP/1.1" 200 OK
INFO:     127.0.0.1:57201 - "GET /alerts?user_id=1&active_only=true&limit=1 HTTP/1.1" 200 OK
INFO:     127.0.0.1:57713 - "GET /alerts?user_id=1&active_only=true&limit=1 HTTP/1.1" 200 OK
INFO:     127.0.0.1:57806 - "GET /alerts?user_id=1&active_only=true&limit=1 HTTP/1.1" 200 OK
INFO:     127.0.0.1:61594 - "GET /alerts?user_id=1&active_only=true&limit=1 HTTP/1.1" 200 OK
INFO:     127.0.0.1:63733 - "GET /alerts?user_id=1&active_only=true&limit=1 HTTP/1.1" 200 OK
